id,domain,status,purchase_price,renewal_price,attractiveness,demand,length,registrar,created_at,expires_at,status_verified_at
4cc09da0-f3a7-4b4e-946f-571c8c3a8f07,pamphlet.contact,available,13.98,16.78,high,low,8,namecheap,,,24/09/2026 07:11
ef80680d-5b6d-402c-a537-0d56160a29db,attentions.contact,available,13.98,16.78,medium,low,10,namecheap,,,19/09/2026 21:27
9606a28b-ac7d-49fa-b9d5-1ebbccae072d,felt.contact,available,13.98,16.78,high,low,4,namecheap,,,25/09/2026 18:07
1364ebe1-1798-4454-8e09-9eb531df938e,drumhead.contact,available,13.98,16.78,medium,low,8,namecheap,,,14/08/2026 20:15
7a73a1a4-4091-49f9-aeef-ca40fe045eba,penalties.contact,available,14.99,14.99,high,low,9,namesilo,,,
01c60c50-20ad-4385-836d-c77f2b82d24f,embassador.contact,available,14.99,14.99,high,low,10,namesilo,,,18/09/2026 16:29
cb6fd1ab-8453-420a-abad-ad174d4a06f2,campestral.contact,available,13.98,16.78,medium,low,10,namecheap,,,11/08/2026 16:05
b55fdfc8-8f90-4148-8c7e-cb671c9a3fe2,bale.contact,available,14.99,14.99,medium,low,4,namesilo,,,21/09/2026 21:49
235a42fe-7990-4b54-a123-980c056d3ee5,stepwise.contact,available,13.98,16.78,high,low,8,namecheap,,,10/08/2026 07:12
26efebe5-5789-4e1b-89ba-36a5b9343877,vagina.contact,available,14.99,14.99,high,low,6,namesilo,,,28/09/2026 15:31
28bd5a80-dfde-429e-854b-f37f7323f620,deadpan.contact,available,16.99,20.99,high,low,7,name.com,,,13/08/2026 19:37
3e9fc137-0d03-4a05-9fec-de07a6bbcafb,stippled.contact,available,13.98,16.78,medium,low,8,namecheap,,,14/08/2026 16:36
dd894b5b-d7c8-411c-ab64-70fdbd8b4512,regal.contact,available,14.99,14.99,high,low,5,namesilo,,,19/09/2026 11:09
f8c4d695-8c21-4c88-9f4d-f31c296762c2,vicious.contact,available,13.98,16.78,medium,low,7,namecheap,,,08/08/2026 16:00
0e809f79-d0d1-4377-b5b4-becec85ac369,imbalance.contact,available,14.99,14.99,medium,low,9,namesilo,,,20/09/2026 18:40
0478dd47-0a90-4cee-b1d5-3f7951d54fb2,critique.contact,available,11.59,11.59,high,low,8,spaceship,,,29/09/2026 12:05
ff786bb5-adb1-46aa-95b2-68a2850dfcf4,moisture.contact,available,13.98,16.78,high,low,8,namecheap,,,13/09/2026 11:06
cb77db26-1f32-4b2f-8738-1b5696f6d23f,debated.contact,available,11.59,11.59,medium,low,7,spaceship,,,02/10/2026 02:12
ce67f300-a1fb-4436-afc9-b4b2714c26c9,sorcery.contact,available,16.99,20.99,high,low,7,name.com,,,23/09/2026 23:51
ecb798ae-7aa5-4541-b463-e98f308414c7,oxycontin.contact,available,14.99,14.99,medium,low,9,namesilo,,,20/09/2026 00:25
4aaccb64-e8cd-4140-9a78-71c0aca0e140,necks.contact,available,14.99,14.99,medium,low,5,namesilo,,,19/09/2026 20:42
b0623627-7048-4545-a233-b43dd280d812,leukaemia.contact,available,13.98,16.78,medium,low,9,namecheap,,,24/09/2026 11:59
4aa2d790-9a35-4d22-b7bc-c1f6dad995b6,slithery.contact,available,13.98,16.78,medium,low,8,namecheap,,,10/09/2026 11:09
7f6dd277-309a-4c49-b5bd-6a08609869ef,bearish.contact,available,13.98,16.78,medium,low,7,namecheap,,,09/08/2026 04:48
7d01b3b9-fdcf-4af7-bf63-c25524118af9,nonu.contact,available,13.98,16.78,medium,low,5,namecheap,,,03/09/2026 18:37
6d1320c9-ce90-470a-bf53-f43d605ca732,funerals.contact,available,14.99,14.99,medium,low,8,namesilo,,,29/09/2026 17:32
ffcc5924-4a2a-4b04-831e-7870ba24f892,camelot.contact,available,11.2,11.2,high,low,7,cloudflare,,,02/10/2026 04:15
ae1f1023-38b9-4f7a-90ba-b50fa958c0ea,honour.contact,available,14.99,14.99,high,low,6,namesilo,,,16/09/2026 22:47
6c5e34b3-939c-42ed-89e1-0607d13a7ebe,nonsuch.contact,available,13.98,16.78,medium,low,7,namecheap,,,03/09/2026 20:15
df781842-e9a5-4551-8207-c1e53c61f75f,wiz.contact,available,13.98,16.78,high,low,3,namecheap,,,21/09/2026 18:16
290b5b93-a282-444f-b277-79ec0186cdb4,bookstore.contact,available,14.99,14.99,high,low,9,namesilo,,,24/09/2026 07:17
1f806419-b81d-4431-b413-be5f08150af6,diss.contact,available,13.98,16.78,medium,low,4,namecheap,,,17/09/2026 14:55
d3688ccb-f278-48a4-bd16-0b5eb7198edb,upstream.contact,available,13.98,16.78,high,low,8,namecheap,,,12/09/2026 23:24
7c5e1bb7-4acd-421f-96e3-59dd3c72b5d8,comparisons.contact,available,11.2,11.2,medium,low,11,cloudflare,,,02/10/2026 12:56
6bfe8649-e2b1-4232-ad6f-40a3880eae96,envious.contact,available,14.99,14.99,medium,low,7,namesilo,,,24/09/2026 01:02
d545beb2-5a96-4834-b24f-c9bc00e3337b,alto.contact,available,13.98,16.78,high,low,4,namecheap,,,
673a968d-277a-4402-aa26-be2b506bcdb2,backlog.contact,available,13.98,16.78,high,low,7,namecheap,,,21/09/2026 15:41
a7d74c4c-a034-4d37-8434-8d4471ac372b,subtly.contact,available,14.99,14.99,high,low,6,namesilo,,,16/09/2026 07:33
e3c26580-4afe-453b-a8c8-f7758a17e54f,sindh.contact,available,11.2,11.2,medium,low,5,cloudflare,,,30/09/2026 13:12
bc97e051-05aa-4a56-b524-aa2395eb0e36,quicker.contact,available,13.98,16.78,high,low,7,namecheap,,,14/09/2026 17:44
e94644e7-75e8-4628-8b8c-ec9969e7358a,fertilizer.contact,available,11.59,11.59,high,low,10,spaceship,,,29/09/2026 06:53
eef8504b-e0f6-4406-a698-3c1a5b9e53e6,fronts.contact,available,11.99,11.99,medium,low,6,dynadot,,,30/09/2026 15:47
54fa4dce-a646-4a69-9f0f-65669911f16e,munich.contact,available,11.59,11.59,high,low,6,spaceship,,,30/09/2026 05:22
31c764c6-7073-455a-a61d-f2958470eb94,unneeded.contact,available,13.98,16.78,medium,low,8,namecheap,,,12/09/2026 15:52
9034729b-d17e-45f0-9826-5ab29ee8056a,plausible.contact,available,13.98,16.78,high,low,9,namecheap,,,08/09/2026 20:55
ca4f1ba8-1415-47ab-9f68-b03606612734,hertford.contact,available,11.59,11.59,medium,low,8,spaceship,,,29/09/2026 22:01
68d0365d-b562-4b2b-b563-a26f3fd7dbe7,motherlike.contact,available,13.98,16.78,medium,low,10,namecheap,,,25/08/2026 07:04
c6f4b139-28bc-4989-9412-3e9391cdaed3,ballpen.contact,available,14.99,14.99,medium,low,7,namesilo,,,21/09/2026 23:22
f5eef11c-b04d-4075-ad6d-22325206ec8f,michelangelo.contact,available,11.59,11.59,high,low,12,spaceship,,,30/09/2026 21:07
424b50bf-c129-497e-9ed7-230e244c9379,rectangular.contact,available,14.99,14.99,high,low,11,namesilo,,,30/09/2026 06:01
8ae59300-38fb-4441-8837-f24876179105,hazel.contact,available,13.98,16.78,high,low,5,namecheap,,,21/08/2026 01:45
ec0d9cf2-3419-45c1-b597-f173d2c0aaf7,sergeant.contact,available,11.2,11.2,high,low,8,cloudflare,,,28/09/2026 06:37
6e089d6b-ccc6-4dbc-b0d6-29770cb90844,taproom.contact,available,14.99,14.99,high,low,7,namesilo,,,22/09/2026 03:42
aafea363-6916-4313-98ec-de295a36f425,bestiality.contact,available,14.99,14.99,medium,low,10,namesilo,,,23/09/2026 10:39
95178388-12bd-4be4-b066-a412da712abd,dryden.contact,available,11.99,11.99,medium,low,6,dynadot,,,28/09/2026 05:32
8ced4bec-55ec-4ef2-b676-1a5048c3ab1c,capricious.contact,available,13.98,16.78,medium,low,10,namecheap,,,11/08/2026 18:04
0046ffc6-6824-41c0-8c25-2237f6cb6ba6,abies.contact,available,14.99,14.99,high,low,5,namesilo,,,16/09/2026 15:38
55f2d0ea-af7a-4995-b825-95c05178e8c9,abroad.contact,available,14.99,14.99,high,low,6,namesilo,,,21/09/2026 14:31
32330d59-3cad-45cd-af71-ce7a924aa7fe,ceylonese.contact,available,13.98,16.78,high,low,9,namecheap,,,12/08/2026 01:10
505c8886-6e9e-4d48-93d2-2ea1d7a47a85,glencoe.contact,available,11.2,11.2,medium,low,7,cloudflare,,,30/09/2026 22:11
eeda066b-9f32-4a96-9e1d-520d1c07d053,expressly.contact,available,13.98,16.78,medium,low,9,namecheap,,,14/09/2026 17:09
19418c8a-dcd1-41a7-b45f-1ec6bd2c5b56,alumna.contact,available,13.98,16.78,high,low,6,namecheap,,,20/08/2026 17:44
e5b26f9e-a14d-4fdc-aa4b-6438e263cc36,vern.contact,available,14.99,14.99,medium,low,4,namesilo,,,30/09/2026 22:22
d015da5f-cd45-4440-9182-3e1dcbe352cd,bris.contact,available,14.99,14.99,high,low,4,namesilo,,,23/09/2026 09:28
cc32211b-5a2f-4f84-b513-f4dd1a92812c,alexanders.contact,available,14.99,14.99,medium,low,10,namesilo,,,18/09/2026 05:47
a91f1dba-e7cc-48fd-9c05-d458dd6b4564,introducing.contact,available,16.78,,medium,low,11,namecheap,,,17/09/2026 20:59
619180fb-bf67-47e2-b4aa-46950d90d5da,epicurean.contact,available,13.98,16.78,high,low,9,namecheap,,,17/08/2026 10:40
0428e179-4ced-4493-b00c-093dd7a68fbc,jubilant.contact,available,13.98,16.78,high,low,8,namecheap,,,17/08/2026 19:46
ff8f219a-9e7a-4f33-b553-f123b82e2ad7,colourless.contact,available,13.98,16.78,medium,low,10,namecheap,,,12/08/2026 17:55
2032407e-2197-4d27-aec5-b3e4e5a550a8,spirant.contact,available,13.98,16.78,medium,low,7,namecheap,,,12/08/2026 23:20
64ef08e3-cf69-4dc6-94c0-9f25068c59de,soups.contact,available,14.99,14.99,medium,low,5,namesilo,,,19/09/2026 22:44
f223cd9e-90a7-4d62-b3ba-408d7019b03b,joyfully.contact,available,13.98,16.78,high,low,8,namecheap,,,14/09/2026 21:32
e05e8854-fcb7-4777-8875-d5883d2797ad,boyd.contact,resell,,,high,low,4,Porkbun LLC,09/12/2020 16:00,09/12/2026 16:00,26/09/2026 04:34
5659bec5-cfe8-4030-ba27-f6a7d7814fc6,distributor.contact,available,14.99,14.99,high,low,11,namesilo,,,29/09/2026 08:54
fbe30583-7fbf-41e1-933d-fe3a769d1314,trajan.contact,available,11.59,11.59,medium,low,6,spaceship,,,30/09/2026 02:13
369acbb7-64f4-4887-a06b-c92ca22caabf,workmen.contact,available,13.98,16.78,medium,low,7,namecheap,,,02/10/2026 12:33
88376504-5627-4350-8d49-8b964082d184,devotes.contact,available,14.99,14.99,medium,low,7,namesilo,,,20/09/2026 02:04
7c5c69eb-1e8f-45ea-8dc9-50ff41faf8cb,overeat.contact,available,14.99,14.99,medium,low,7,namesilo,,,23/09/2026 17:26
bc0a3101-ca7e-430c-ab29-72795a894456,andrew.contact,resell,,,high,medium,6,Porkbun LLC,09/12/2020 16:00,09/12/2026 16:00,28/09/2026 21:21
c9bfae8b-a3fa-42f7-a5ab-453ae97c78ee,combination.contact,available,14.99,14.99,high,low,11,namesilo,,,27/09/2026 02:14
e550d6a5-d48e-466b-9c50-225f8eddf6d6,floater.contact,available,13.98,16.78,medium,low,7,namecheap,,,13/09/2026 00:52
4fa4b745-90c1-4464-a0ba-aa1a89ac0719,anura.contact,available,13.98,16.78,medium,low,5,namecheap,,,19/09/2026 15:53
68ca12b5-2a03-465b-b8ea-bc2327e166b8,prinz.contact,available,11.59,11.59,high,low,5,spaceship,,,02/10/2026 14:11
e30590d1-bd31-4951-bef1-cdf1afdb1238,twickenham.contact,available,11.99,11.99,medium,low,10,dynadot,,,02/10/2026 00:33
a2e3ad54-866d-43c1-8c7c-f82764228256,trillionaire.contact,available,11.99,11.99,high,low,12,dynadot,,,01/10/2026 22:35
4b9f0a9c-1a2f-45e2-8f3c-885d8a4a4181,consortium.contact,available,13.98,16.78,high,low,10,namecheap,,,24/09/2026 17:29
7035dbbf-1509-4847-9aa8-86fa7365e893,huffman.contact,available,11.2,11.2,medium,low,7,cloudflare,,,29/09/2026 15:25
3d7e7f14-5d44-4315-9f94-bbfb2d046c19,incessant.contact,available,13.98,16.78,medium,low,9,namecheap,,,11/08/2026 23:04
eac002e9-7143-4a96-865b-12e85f3ddd6d,alate.contact,available,13.98,16.78,medium,low,5,namecheap,,,
1bfca2a8-f95d-4387-8ac8-14b82285430e,regular.contact,available,11.2,11.2,high,low,7,cloudflare,,,27/09/2026 11:38
181dba9b-16d9-4697-81a7-514ffd366bd3,lxxiv.contact,available,13.98,16.78,medium,low,5,namecheap,,,
e611e513-f46e-45ea-bbb6-5e5b2f540b4a,inventive.contact,available,11.59,11.59,high,low,9,spaceship,,,01/10/2026 15:50
2a4d7185-17fa-4c04-8f93-383119b8b649,unexampled.contact,available,13.98,16.78,medium,low,10,namecheap,,,12/09/2026 09:24
78146b59-3377-49ab-b3b6-29afafdc354a,sensuous.contact,available,13.98,16.78,high,low,8,namecheap,,,10/09/2026 03:48
f3761306-8db4-46ed-b753-af95b989a9e4,bentonite.contact,available,13.98,16.78,high,low,9,namecheap,,,23/09/2026 08:46
34acc519-0f47-4925-a07b-f109897c2a1b,follower.contact,available,14.99,14.99,high,low,8,namesilo,,,29/09/2026 19:39
8b2557e7-2adb-49d4-917a-d77b8c8a20b6,plodder.contact,available,13.98,16.78,medium,low,7,namecheap,,,10/09/2026 20:23
879b1b75-1a91-4af2-8a2f-eee5707e3223,pseudonym.contact,premium,1107,1107,high,low,9,namesilo,,,19/09/2026 11:33
dd9ff55f-83e5-4354-921f-e0bf44ed196f,criminology.contact,available,11.84,11.84,medium,low,11,porkbun,,,02/10/2026 21:26
b20640ec-c483-45f8-91f0-e2e3ccd3c96f,acr.contact,available,11.59,11.59,high,low,3,spaceship,,,02/10/2026 19:10
463119fd-a5ec-4d39-975b-878e2b7af7d9,pediatrist.contact,available,14.99,14.99,high,low,10,namesilo,,,21/09/2026 13:27
2ccacf97-9848-4647-8b0f-fb8a375a74fc,compression.contact,available,11.2,11.2,medium,low,11,cloudflare,,,29/09/2026 04:39
9f5e4cc4-9cc9-47a2-a8d3-26b5ba95dd0b,insisted.contact,available,14.99,14.99,medium,low,8,namesilo,,,27/09/2026 23:35
2b6a028a-b2ca-498c-b8b9-c734b3a981d1,galley.contact,available,11.59,11.59,medium,low,6,spaceship,,,01/10/2026 01:14
d90410b1-e38d-4cda-9d60-eee32c661116,commentate.contact,available,14.99,14.99,high,low,10,namesilo,,,30/09/2026 17:26
793f63f3-5e79-48df-8b03-7168c21fc7b6,shipley.contact,available,11.59,11.59,medium,low,7,spaceship,,,29/09/2026 09:53
1e4bf48f-ebf5-4a32-b74a-7e53d2165323,lii.contact,available,13.98,16.78,medium,low,3,namecheap,,,
b17530df-339a-4963-b60a-e3e952384f14,owing.contact,available,11.59,11.59,medium,low,5,spaceship,,,02/10/2026 19:29
de57fed0-69ea-44b5-965d-e06621f54308,lasers.contact,available,11.59,11.59,medium,low,6,spaceship,,,30/09/2026 07:44
5ccc3f4d-c881-4332-913c-5fe09b57a66f,englishman.contact,available,11.59,11.59,high,low,10,spaceship,,,29/09/2026 12:12
3a6d2289-d027-4937-ae3a-4d21b52e8738,nicosia.contact,available,11.59,11.59,medium,low,7,spaceship,,,30/09/2026 08:57
9bdb299a-ad79-4d28-b83c-488bc23322aa,departing.contact,available,14.99,14.99,high,low,9,namesilo,,,29/09/2026 14:42
b225b317-3373-44c5-a9ea-225fef4ec181,viability.contact,available,14.99,14.99,high,low,9,namesilo,,,02/10/2026 17:04
98f04def-e125-4e97-85da-6dbef6b57aba,biased.contact,available,13.98,16.78,medium,low,6,namecheap,,,09/08/2026 18:36
8b40e553-1d62-48fe-b8e3-54b0fffc52bf,rihanna.contact,available,11.59,11.59,high,low,7,spaceship,,,02/10/2026 13:35
f9857cfe-afbf-4218-98c9-5b82eda27b1b,commissions.contact,available,11.59,11.59,medium,low,11,spaceship,,,01/10/2026 00:07
2a34a224-ede3-4c51-9130-6d6b7a319c23,designers.contact,available,11.59,11.59,high,low,9,spaceship,,,01/10/2026 18:23
b5130605-1b5e-4d0d-9518-ac2ecd65b364,austerlitz.contact,available,14.99,14.99,medium,low,10,namesilo,,,21/09/2026 04:41
cc215f38-0852-4b37-bf7d-425d11812775,observers.contact,available,11.99,11.99,medium,low,9,dynadot,,,30/09/2026 07:11
c6152b18-4f7a-4834-8344-e7bf77118895,stranger.contact,available,11.59,11.59,high,low,8,spaceship,,,30/09/2026 12:11
ee94178e-ae9a-4f3e-8f3c-d41b1516f625,intern.contact,available,11.59,11.59,high,low,6,spaceship,,,28/09/2026 14:28
f6033547-80b0-4efb-ba1e-80cccf43dd11,maimonides.contact,available,14.99,14.99,medium,low,10,namesilo,,,29/09/2026 13:20
cc64988b-7ce2-4577-b184-720d96e5ccde,yourself.contact,available,14.99,14.99,high,low,8,namesilo,,,25/09/2026 12:53
6f5a6f59-0424-48ea-b61f-df8c1f0accc5,shoulders.contact,available,14.99,14.99,medium,low,9,namesilo,,,
f01dc6fc-6e32-4a3c-b767-22fc808a4713,friends.contact,resell,,,high,medium,7,"Entorno Digital, S.A.",06/12/2020 16:00,06/12/2026 16:00,02/10/2026 09:09
94242499-f926-4707-bfc5-3675df0b8e14,eminent.contact,available,13.98,16.78,high,low,7,namecheap,,,16/08/2026 15:06
933db156-c7b6-4e80-9826-7bef7e930f4d,columnar.contact,available,13.98,16.78,medium,low,8,namecheap,,,12/08/2026 18:14
dfb0d986-08bd-402d-b8d1-0fa21a6d3a42,nasir.contact,available,11.2,11.2,medium,low,5,cloudflare,,,30/09/2026 13:54
9be245ce-06f4-4f0e-9506-ba0e7886480c,mammary.contact,available,13.98,16.78,medium,low,7,namecheap,,,24/08/2026 14:23
3e555619-fb77-47fa-8826-0493929c64bd,astrogator.contact,available,14.99,14.99,medium,low,10,namesilo,,,20/09/2026 17:41
7aa4df9c-ebac-4458-bcaf-1ca1e03f05c5,ameer.contact,available,13.98,16.78,medium,low,5,namecheap,,,18/09/2026 18:04
2a7d1156-9cd8-44eb-bbaa-ffd48945ab83,untucked.contact,available,13.98,16.78,low,low,8,namecheap,,,12/09/2026 21:50
65fd08e8-1906-470f-946d-64222e543bbe,pursue.contact,available,11.2,11.2,high,low,6,cloudflare,,,28/09/2026 06:57
f026dffe-ffd8-4d73-8b3e-a156bce6eff5,energizing.contact,available,13.98,16.78,high,low,10,namecheap,,,
9ce77131-63bf-48d3-9e2b-12a19134e867,unscalable.contact,available,13.98,16.78,medium,low,10,namecheap,,,12/09/2026 05:23
23ae603d-7630-4e64-9ddd-91962df33145,destroying.contact,available,11.59,11.59,low,low,10,spaceship,,,27/09/2026 21:23
2ff0d1ad-31f4-45e2-8d50-3672d76cc844,clare.contact,available,11.2,11.2,high,low,5,cloudflare,,,29/09/2026 03:17
b68e9104-d366-4848-a12b-7c829de43eb3,confines.contact,available,14.99,14.99,high,low,8,namesilo,,,24/09/2026 17:13
fc4679b8-462c-4419-b215-a86c5fcedb7d,polyglot.contact,available,13.98,16.78,high,low,8,namecheap,,,08/09/2026 23:17
962e426a-60dc-4b3a-8dd6-15cca509039d,arroyo.contact,available,14.99,14.99,medium,low,6,namesilo,,,20/09/2026 09:33
0e32b725-2d24-48fb-ab6a-63674cffc978,bauxite.contact,available,14.99,14.99,medium,low,7,namesilo,,,22/09/2026 16:42
acc9959c-3d55-4855-83e4-d47853b0690b,launches.contact,available,14.99,14.99,medium,low,8,namesilo,,,21/09/2026 09:09
bd187380-2209-4ba3-a5cc-cb7dd31eefef,notorious.contact,available,13.98,16.78,high,low,9,namecheap,,,21/08/2026 19:05
92866297-3af1-44e8-a7b5-d512d84f8f66,arboretum.contact,available,14.99,14.99,medium,low,9,namesilo,,,20/09/2026 00:49
57d2f32c-62fe-4e21-a88c-5af9ecfc4cae,small.contact,available,11.99,11.99,high,low,5,dynadot,,,29/09/2026 19:21
288f29b5-68b2-4159-bdc5-51ce400aab50,loom.contact,available,14.99,14.99,high,low,4,namesilo,,,02/10/2026 15:45
489c4a70-96fc-4a7e-a03a-2833b8a0a19c,dumbarton.contact,available,11.59,11.59,medium,low,9,spaceship,,,29/09/2026 04:37
04d42f94-9c84-43a4-8e40-236a76b77840,nonhuman.contact,available,13.98,16.78,medium,low,8,namecheap,,,03/09/2026 19:22
e2232d0d-4b54-4f53-9d6e-dba80849bb32,passively.contact,available,13.98,16.78,medium,low,9,namecheap,,,15/09/2026 19:09
497ae391-42e3-4b18-941d-d751038e83c6,invariable.contact,available,13.98,16.78,high,low,10,namecheap,,,12/08/2026 22:58
504815d3-a428-4fbb-994d-1447b00b736e,visibility.contact,available,14.99,14.99,high,low,10,namesilo,,,30/09/2026 14:30
cc9ec69f-b859-4f00-b6ed-1d41c6ed2cce,assigning.contact,available,14.99,14.99,high,low,9,namesilo,,,20/09/2026 16:26
db4a5478-e387-4381-aef8-784c07b045f2,clams.contact,available,14.99,14.99,high,low,5,namesilo,,,24/09/2026 06:47
7a7f8dc9-d823-404e-a992-5ae40dc088a0,aardwolf.contact,available,14.99,14.99,medium,low,8,namesilo,,,19/09/2026 15:52
1057e9cb-2b0d-4581-aa9f-1e05b4ff1735,penn.contact,available,14.99,14.99,high,low,4,namesilo,,,25/09/2026 09:52
93918592-2a26-40f8-ad9d-b3521e7da08d,clarksburg.contact,available,14.99,14.99,medium,low,10,namesilo,,,02/10/2026 14:39
21019619-8ef0-471d-afdb-c57cbf52980f,keane.contact,available,11.59,11.59,medium,low,5,spaceship,,,28/09/2026 18:07
c519e074-159f-470e-93bd-1d5c267b1f9a,muhammed.contact,available,11.2,11.2,medium,low,8,cloudflare,,,02/10/2026 09:49
0f45c6b3-79e2-4cfa-8cd3-803b9b72851c,outfitted.contact,available,13.98,16.78,medium,low,9,namecheap,,,04/09/2026 19:24
8ae2093f-6658-4a7e-a06c-51a7c2943509,assessed.contact,available,11.59,11.59,medium,low,8,spaceship,,,01/10/2026 00:03
97a09845-b616-4bd0-896e-0c8f7fc6f5d7,promotions.contact,available,14.99,14.99,high,low,10,namesilo,,,02/10/2026 12:57
d2823eac-2efa-48b6-81bd-1889f7aec1bc,assessment.contact,available,11.59,11.59,high,low,10,spaceship,,,01/10/2026 16:34
55236aca-4cfc-4592-b392-c2daace2b829,knitted.contact,available,13.98,16.78,medium,low,7,namecheap,,,22/08/2026 16:27
51c27066-3c2e-40b7-a3bd-c5d7dde6f5df,sexed.contact,available,13.98,16.78,medium,low,5,namecheap,,,10/09/2026 05:13
2a374d48-087e-43d2-b587-32aef8a4bb40,blackfoot.contact,available,14.99,14.99,medium,low,9,namesilo,,,24/09/2026 02:17
6a73da2a-39de-49fb-b86d-5032e61e3fa1,cymry.contact,available,13.98,16.78,medium,low,5,namecheap,,,13/09/2026 10:45
2d8b907d-2a77-4517-83bf-fc284110b615,printmaking.contact,available,14.99,14.99,high,low,11,namesilo,,,30/09/2026 14:30
0b1c4841-d582-4c11-99c7-d166e612df5f,unsavory.contact,available,13.98,16.78,medium,low,8,namecheap,,,14/08/2026 13:05
fff8b2be-a1df-4e09-897c-ff099591035a,glued.contact,available,13.98,16.78,high,low,5,namecheap,,,20/08/2026 15:12
cde92db0-96bd-476c-b6af-b1cd562c0a17,refractive.contact,available,13.98,16.78,medium,low,10,namecheap,,,13/08/2026 23:32
b43532b7-3aa6-487b-a550-4ad99c74c3c1,conversation.contact,available,14.99,14.99,high,low,12,namesilo,,,26/09/2026 00:44
6d5f9152-5faf-421b-9502-a7032b707eaf,cherubic.contact,available,13.98,16.78,high,low,8,namecheap,,,12/08/2026 04:25
7f01b2fc-000f-4c58-bf39-5bcf6d58ffc9,postpartum.contact,available,13.98,16.78,high,low,10,namecheap,,,09/09/2026 00:37
6fcaa685-4388-4c38-a9bd-16938013dcc9,abrocome.contact,available,14.99,14.99,medium,low,8,namesilo,,,16/09/2026 17:14
9f671f87-e508-4c87-9b15-086faae84b35,arachnid.contact,available,14.99,14.99,medium,low,8,namesilo,,,19/09/2026 23:40
fb07eb4e-5e9f-4f46-b00b-d80d3d7bb489,audiogram.contact,available,13.98,16.78,medium,low,9,namecheap,,,21/09/2026 02:55
2afa4f23-f55f-457a-b505-48d717721397,veronica.contact,available,11.59,11.59,high,low,8,spaceship,,,30/09/2026 02:57
3356b8f6-dd2d-4172-9457-1731e726f5b8,daniela.contact,available,11.99,11.99,medium,low,7,dynadot,,,02/10/2026 01:34
08817e23-dd1c-450c-afd5-f4adfcaad913,chivalrous.contact,available,13.98,16.78,high,low,10,namecheap,,,12/08/2026 06:14
e5d16549-c1af-4dcc-b2bd-cfa6b2a5dd04,torque.contact,available,14.99,14.99,high,low,6,namesilo,,,01/10/2026 21:57
23b477de-35b9-409b-874c-3edc239eb613,settlement.contact,available,11.84,11.84,high,low,10,porkbun,,,28/09/2026 01:43
3df8d31d-d296-41b1-ba6c-a933f7596a7a,patchy.contact,available,13.98,16.78,medium,low,6,namecheap,,,08/09/2026 10:20
9d192829-b976-473e-bbe2-ab7849e19fc8,commodore.contact,available,11.59,11.59,high,low,9,spaceship,,,29/09/2026 11:55
f2c503a0-1597-4965-b350-1ae844acb6ac,judy.contact,resell,,,high,low,4,Porkbun LLC,09/12/2020 16:00,09/12/2026 16:00,26/09/2026 07:02
b74f1a32-26d9-4698-a227-6c1408b72c1d,disagreement.contact,available,11.84,11.84,medium,low,12,porkbun,,,29/09/2026 10:22
05dec570-870f-4c44-9c2a-d425bbf6aa2d,markedly.contact,available,13.98,16.78,high,low,8,namecheap,,,15/09/2026 13:31
f7f8cca1-95ca-439c-86a0-517441d19801,sensibility.contact,available,11.59,11.59,high,low,11,spaceship,,,30/09/2026 22:27
5321d066-1c9b-483c-8ab5-454cee03a5df,casey.contact,available,13.98,16.78,high,low,5,namecheap,,,25/09/2026 18:12
22fe37bd-87ce-4819-89ae-cbccdf8b7d91,hugely.contact,available,13.98,16.78,medium,low,6,namecheap,,,14/09/2026 15:49
d09ea2a4-d099-4e8d-bda2-6fe54813af40,gip.contact,available,13.98,16.78,medium,low,3,namecheap,,,14/09/2026 08:07
c3c8be91-2e73-4498-b575-f037833c6b43,tombstone.contact,available,14.99,14.99,high,low,9,namesilo,,,29/09/2026 12:58
9bebd849-6b37-451d-9ec3-f3bf229075c6,palpatory.contact,available,13.98,16.78,medium,low,9,namecheap,,,05/09/2026 00:12
b2aba473-6bfa-4729-b578-11b2ab12f4d9,aggregated.contact,available,13.98,16.78,high,low,10,namecheap,,,
676583dc-ec38-41db-bd38-16c5013ac794,left.contact,available,14.99,14.99,high,low,4,namesilo,,,25/09/2026 13:25
dccd153f-0934-402b-9ed9-11dd1921bec5,tackle.contact,available,14.99,14.99,high,low,6,namesilo,,,28/09/2026 05:46
8fb19689-fd3c-4bde-80a2-e7440eae51b5,niggers.contact,available,14.99,14.99,low,low,7,namesilo,,,16/09/2026 14:20
0159b6bc-790b-4e88-a5e8-44cfa7a6b961,chive.contact,available,14.99,14.99,high,low,5,namesilo,,,18/09/2026 11:28
9b66ed54-af69-4599-a7a0-378bfe61f823,clinging.contact,available,11.2,11.2,medium,low,8,cloudflare,,,30/09/2026 19:49
7b9e12d9-5a7d-4d1c-a2cd-821ed308c000,minimize.contact,available,11.59,11.59,high,low,8,spaceship,,,29/09/2026 20:40
7ca94d3f-7738-42e5-8ca2-e63f0706a5aa,iain.contact,available,11.99,11.99,medium,low,4,dynadot,,,29/09/2026 15:22
1e1c9d8d-a707-4ad6-8dfb-823dc93ef57f,biddable.contact,available,13.98,16.78,medium,low,8,namecheap,,,
892a7325-8158-4396-bf1a-f4c5978d8e57,idealism.contact,available,14.99,14.99,high,low,8,namesilo,,,02/10/2026 05:14
0ddb163d-c20b-4191-bfeb-fd592a8fbbbf,activation.contact,available,13.98,16.78,high,low,10,namecheap,,,
e70a064f-a359-4b78-98d7-16a09914da49,breath.contact,available,14.99,14.99,high,low,6,namesilo,,,24/09/2026 10:14
82f50e84-c9dd-4640-a7a1-01d8103e16c5,starters.contact,available,13.98,16.78,medium,low,8,namecheap,,,29/09/2026 05:59
d73a2646-89bf-44bd-b641-42edae108df9,devours.contact,available,13.98,16.78,low,low,7,namecheap,,,21/09/2026 08:47
e58eecf4-0c1f-45b3-9b64-dbc9ee51b3ef,groningen.contact,available,13.98,16.78,medium,low,9,namecheap,,,29/09/2026 03:44
d5190a55-71f1-46bd-a4b5-4fd94e5109a8,zoonotic.contact,available,13.98,16.78,medium,low,8,namecheap,,,13/09/2026 15:35
d6d48084-dcc5-4649-b0a1-6dcd4d3d7767,miley.contact,available,11.59,11.59,medium,low,5,spaceship,,,01/10/2026 10:18
ba5075d3-1906-43db-b10b-612c486765ea,contour.contact,available,14.99,14.99,high,low,7,namesilo,,,24/09/2026 17:43
cada75e9-40d1-49f5-aa28-91704d27e9cf,slang.contact,available,13.98,16.78,high,low,5,namecheap,,,12/08/2026 15:12
d3a53459-274b-4b2d-97d1-2b23128bcd8e,banishment.contact,available,14.99,14.99,medium,low,10,namesilo,,,22/09/2026 02:06
8e669919-a34d-4203-816a-05ec0843ba77,carefully.contact,available,14.99,14.99,medium,low,9,namesilo,,,28/09/2026 13:46
af8a8b95-4d84-489a-9bd8-8e9606017e73,iga.contact,available,14.99,14.99,medium,low,3,namesilo,,,29/09/2026 13:05
3eeb203e-5148-4697-83ef-40972ebb7b75,alleyway.contact,available,14.99,14.99,medium,low,8,namesilo,,,19/09/2026 04:05
784eb342-da2e-43d6-afa0-999bab2b257c,arabian.contact,available,13.98,16.78,high,low,7,namecheap,,,06/08/2026 11:05
5b3743e3-f354-43cd-aa50-eadde13099b5,agleam.contact,available,13.98,16.78,medium,low,6,namecheap,,,
bd23c3c1-db08-40f9-ab34-37675761dbe3,penciled.contact,available,13.98,16.78,medium,low,8,namecheap,,,08/09/2026 13:55
909e307f-b63f-4b6c-b26d-c5c5a507e129,cluny.contact,available,11.59,11.59,medium,low,5,spaceship,,,02/10/2026 01:14
37f45dec-fb1e-42b9-93ba-26791e8bd8b3,outback.contact,available,14.99,14.99,high,low,7,namesilo,,,26/09/2026 03:21
b26fe0b5-2fa3-433e-82c1-13112f85ce58,nagoya.contact,available,11.59,11.59,medium,low,6,spaceship,,,28/09/2026 10:28
fb2320a5-f03d-4584-95d1-7751201b86e4,modeling.contact,available,14.99,14.99,high,low,8,namesilo,,,24/09/2026 15:25
5c36392b-36c0-4914-8104-5bcb681ee44e,govern.contact,available,13.98,16.78,high,low,6,namecheap,,,29/09/2026 13:54
6ea73f2f-c90c-4f68-b47a-3676ec38cf0e,philippine.contact,available,13.98,16.78,high,low,10,namecheap,,,18/08/2026 04:21
b8494b2f-1789-400f-927c-cca4f209c8f7,plankton.contact,available,13.98,16.78,high,low,8,namecheap,,,01/10/2026 21:18
3acd4a35-ba58-46d0-a939-fd90c8289923,colonization.contact,available,14.99,14.99,medium,low,12,namesilo,,,02/10/2026 01:18
55ef21ff-70d8-4924-9f02-dd26ad20ca8f,pawky.contact,available,13.98,16.78,medium,low,5,namecheap,,,08/09/2026 10:57
c8a1f722-1f66-4cd5-8f84-d256f129611f,turku.contact,available,11.59,11.59,medium,low,5,spaceship,,,30/09/2026 20:48
1094d2a4-1cbc-47b5-8ec0-24c101e3188c,npp.contact,available,14.99,14.99,medium,low,3,namesilo,,,03/10/2026 05:35
9dff1a4f-8fb5-4766-96dd-0d27125eb417,husband.contact,available,11.2,11.2,high,low,7,cloudflare,,,29/09/2026 23:14
fa99b69e-8bf1-4544-a59c-bdb55d9b3cae,texas.contact,resell,,,high,medium,5,Porkbun LLC,09/12/2020 16:00,09/12/2026 16:00,30/09/2026 03:10
3e211a12-4f83-41bc-8015-d8f2ed777138,phelps.contact,available,13.98,16.78,high,low,6,namecheap,,,25/09/2026 18:39
d794eedf-37f9-4a31-a729-0dcca7fe4fa1,manifold.contact,available,13.98,16.78,high,low,8,namecheap,,,24/08/2026 15:07
f9c2c083-f8e3-4c73-b837-0ad0ab35f33e,quechua.contact,available,13.98,16.78,high,low,7,namecheap,,,22/08/2026 15:21
7535b3a8-16e6-40b8-b8aa-6137d44f0e6f,warheads.contact,available,14.99,14.99,low,low,8,namesilo,,,02/10/2026 04:03
d95f803a-fa35-40a7-b52e-9c71c3964610,gyp.contact,available,13.98,16.78,medium,low,3,namecheap,,,14/09/2026 08:05
3099515f-f931-4d79-a354-e7a2191dd6c4,examined.contact,available,14.99,14.99,medium,low,8,namesilo,,,28/09/2026 08:42
a44f2557-4d17-4af1-bded-82d652419ad2,appraiser.contact,available,13.98,16.78,high,low,9,namecheap,,,19/09/2026 22:12
31478ac8-02a1-4416-b372-29ca0e82bbd0,agnatha.contact,available,13.98,16.78,medium,low,7,namecheap,,,17/09/2026 18:31
f5a9968d-54b1-4159-9a50-4d9bea09074c,logrolling.contact,available,13.98,16.78,high,low,10,namecheap,,,23/09/2026 20:50
2cba12ac-6434-404a-977d-8166c087e20c,freshmen.contact,available,11.2,11.2,medium,low,8,cloudflare,,,29/09/2026 23:31
373697ef-33f5-4e2c-974f-36af69603d39,voluble.contact,available,13.98,16.78,high,low,7,namecheap,,,13/09/2026 06:59
171e106c-2e74-4687-9c09-fc96a4e669d4,gwendolyn.contact,available,11.2,11.2,high,low,9,cloudflare,,,02/10/2026 09:06
26164d77-d140-4b2c-b482-f806ceb43243,topic.contact,available,23.99,23.99,high,low,5,godaddy,,,28/09/2026 01:44
6c890a70-cbec-4536-b4e2-e6712aa8b887,lithesome.contact,available,13.98,16.78,medium,low,9,namecheap,,,24/08/2026 01:12
8d048461-5fe1-4689-b777-bea9ea774967,title.contact,available,11.59,11.59,high,low,5,spaceship,,,02/10/2026 13:09
c64a930f-7536-4c99-98f8-719b522b8fa5,offensive.contact,available,13.98,16.78,high,low,9,namecheap,,,14/08/2026 22:05
ef8a3c9a-f86e-40a9-acf2-58d67d6cd744,innocent.contact,available,13.98,16.78,high,low,8,namecheap,,,12/08/2026 10:16
8c245b6f-2a77-410d-9426-b3012b224f98,overhaul.contact,available,11.59,11.59,high,low,8,spaceship,,,30/09/2026 10:14
18c0848c-d360-4b59-965f-4b4a36084143,ageless.contact,available,13.98,16.78,high,low,7,namecheap,,,
e7fc316f-25c6-427b-804e-4b6fae42ae2e,gormless.contact,available,13.98,16.78,low,low,8,namecheap,,,18/08/2026 20:48
3f863b2f-6949-4790-9ed3-3c94d3aecf31,sleepily.contact,available,13.98,16.78,medium,low,8,namecheap,,,16/09/2026 02:32
f2913983-c23d-485a-8f76-07c638d98505,richey.contact,available,11.2,11.2,medium,low,6,cloudflare,,,02/10/2026 01:53
2f4bb9de-a2cb-43fa-85cb-d5fb553a6431,unwieldy.contact,available,13.98,16.78,medium,low,8,namecheap,,,12/08/2026 13:10
b874e026-198d-4ffe-960b-0fde66d408d6,proposition.contact,available,11.59,11.59,high,low,11,spaceship,,,28/09/2026 03:24
257898db-4184-425c-95a5-b1c242facb62,fined.contact,available,14.99,14.99,medium,low,5,namesilo,,,30/09/2026 15:19
4527373c-d41b-45de-8cf4-c05bddf9e8b0,burnham.contact,available,13.98,16.78,medium,low,7,namecheap,,,27/09/2026 03:24
6a27cf4d-bbe0-43fb-aa4f-4f6079bf38dd,replication.contact,available,11.2,11.2,high,low,11,cloudflare,,,02/10/2026 11:17
235a2887-8ce2-431f-89b3-c8331d722493,tranquil.contact,available,13.98,16.78,high,low,8,namecheap,,,11/08/2026 14:53
ba4483db-ee1d-4332-bd59-5c9aae81e45c,breckinridge.contact,available,13.98,16.78,medium,low,12,namecheap,,,29/09/2026 15:54
1c793a3d-08f2-4daf-bf4d-d413bc1cfb88,eric.contact,resell,,,high,medium,4,Porkbun LLC,09/12/2020 16:00,09/12/2026 16:00,26/09/2026 05:52
8627cff0-5911-44a2-bfb0-16c640e51e2c,evelyn.contact,resell,,,high,low,6,Porkbun LLC,09/12/2020 16:00,09/12/2026 16:00,26/09/2026 05:54
d19ce605-74c1-4f7c-8088-f175ad013fea,subtitles.contact,available,11.2,11.2,medium,low,9,cloudflare,,,28/09/2026 18:07
ae4c9847-79af-4efd-9c01-7e8226e7e46c,repertoire.contact,available,11.59,11.59,high,low,10,spaceship,,,03/10/2026 01:54
073fb602-6af9-4175-9ad2-b872c4cfdf9b,wooded.contact,available,13.98,16.78,medium,low,6,namecheap,,,13/09/2026 13:11
0a7004ab-0559-4e56-8d54-4d1c513d286b,vendor.contact,resell,,,high,low,6,Dynadot Inc,22/05/2025 14:55,22/05/2027 14:55,02/10/2026 05:34
c1d4de93-4ed2-4a35-802d-eb91ce43cf39,corporeal.contact,available,13.98,16.78,medium,low,9,namecheap,,,13/08/2026 01:54
7644a89f-0d71-4856-ae1c-b8176eb875cf,hiroshima.contact,available,11.59,11.59,high,low,9,spaceship,,,30/09/2026 10:08
43759bd0-1b0b-4770-b307-ac61fe8de717,surrounding.contact,available,14.99,14.99,high,low,11,namesilo,,,01/10/2026 04:06
bcad2a3f-7a0a-4c58-8798-7f6967acd490,against.contact,available,14.99,14.99,medium,low,7,namesilo,,,30/09/2026 22:30
d976e7c5-31f4-4f6c-acca-ac859a894e38,anti.contact,available,13.98,16.78,high,low,4,namecheap,,,
a9448044-b876-4967-b1ce-09c2c30f919e,decorating.contact,available,11.59,11.59,high,low,10,spaceship,,,30/09/2026 04:09
db6f768c-1dac-4628-80f9-77c94d717602,unrest.contact,available,11.2,11.2,high,low,6,cloudflare,,,30/09/2026 01:36
fbb2f389-a3f7-494e-8e98-f86d50920cff,lassen.contact,available,14.99,14.99,medium,low,6,namesilo,,,30/09/2026 05:22
076bfe60-4e4a-4365-8f27-74caa2dd25a2,recalling.contact,available,11.59,11.59,high,low,9,spaceship,,,02/10/2026 21:33
8d6414a4-2af7-4c1d-a68b-67815cbf1736,abor.contact,available,13.98,16.78,medium,low,4,namecheap,,,16/09/2026 16:36
5dee45fe-4239-4c46-8705-02a553d48be3,hostel.contact,available,13.98,16.78,high,low,6,namecheap,,,21/09/2026 02:25
66a66aab-e7c3-4522-92ee-990e374e4283,better.contact,resell,,,high,medium,6,"Spaceship, Inc.",09/12/2020 23:11,09/12/2026 23:11,26/09/2026 04:23
0abd1871-746d-4da9-97f2-9e91cf61707f,recognition.contact,available,11.99,11.99,high,low,11,dynadot,,,02/10/2026 21:11
407a6981-f858-4a57-bbe0-bb5ce81722ee,theirs.contact,available,16.78,,medium,low,6,namecheap,,,
4cd16755-9bba-4b9b-b59b-a62c03e3fe73,cecil.contact,available,14.99,14.99,high,low,5,namesilo,,,29/09/2026 09:15
4b6543c4-424b-4041-ba83-89e2502d376c,expectant.contact,available,14.99,14.99,high,low,9,namesilo,,,22/09/2026 06:48
acab9176-0c2c-4281-92f4-7fab70005a1a,ortega.contact,available,11.59,11.59,medium,low,6,spaceship,,,28/09/2026 05:29
9eb78976-ac0a-4fc2-bac2-3a37a981cf29,beefeater.contact,available,14.99,14.99,medium,low,9,namesilo,,,23/09/2026 01:09
05a6571a-81ee-44e2-b259-8cc5265d616c,childless.contact,available,13.98,16.78,medium,low,9,namecheap,,,12/08/2026 05:10
1f0732ca-b3c8-4291-ac86-b9e083b571d6,amble.contact,available,13.98,16.78,medium,low,5,namecheap,,,18/09/2026 16:54
6939d932-4d44-4e1d-9872-9433bb12908d,khaki.contact,available,13.98,16.78,high,low,5,namecheap,,,22/08/2026 15:47
b6016646-8fa4-47d5-9cf6-10548e545286,edu.contact,premium,1107,1107,medium,medium,3,namesilo,,,28/09/2026 23:17
bda42f2d-0bbc-4260-b2f7-b0dd5c6d0da2,hearty.contact,available,13.98,16.78,high,low,6,namecheap,,,21/08/2026 02:13
e69c7b33-a523-47d9-ba8e-708b74091396,aires.contact,available,14.99,14.99,medium,low,5,namesilo,,,25/09/2026 21:54
d25823aa-c51a-4fc1-8ad3-65eac105dce6,creatively.contact,available,11.59,11.59,medium,low,10,spaceship,,,28/09/2026 14:25
4465ee35-6e32-40eb-b0f1-12ccb92200b8,kilobyte.contact,available,11.99,11.99,high,low,8,dynadot,,,30/09/2026 01:18
4260bfaa-baea-4a44-abb8-15536d1caa5d,frogs.contact,available,11.59,11.59,medium,low,5,spaceship,,,28/09/2026 18:14
88273ff5-1a27-4d08-9c9d-4579754822aa,township.contact,available,11.2,11.2,high,low,8,cloudflare,,,30/09/2026 19:01
c8cfcbe0-bdb8-49c4-8b53-c6cc77cf3a0a,argil.contact,available,14.99,14.99,medium,low,5,namesilo,,,20/09/2026 04:20
c5077acd-59a6-42bc-a9e5-b0d64f89b763,harriet.contact,available,11.2,11.2,high,low,7,cloudflare,,,27/09/2026 22:29
2f4e5f33-8975-4189-b86b-94c61a790d28,blabber.contact,available,14.99,14.99,medium,low,7,namesilo,,,23/09/2026 11:33
8542e7d1-0743-4ea4-a597-a3f472598671,clifton.contact,available,13.98,16.78,medium,low,7,namecheap,,,25/09/2026 19:29
b26eebb1-2499-469d-b3d3-fa66165b399a,analytically.contact,available,11.2,11.2,medium,low,12,cloudflare,,,01/10/2026 04:36
cf8147af-4bd7-4178-9133-badad6849f6a,conflicts.contact,available,13.98,16.78,medium,low,9,namecheap,,,19/09/2026 21:22
5e989bfd-4f93-438e-a897-9a522e05c86b,busts.contact,available,11.2,11.2,medium,low,5,cloudflare,,,02/10/2026 12:21
dc62f189-dc99-4c93-8b28-c2bca779a40f,semiliquid.contact,available,13.98,16.78,medium,low,10,namecheap,,,10/09/2026 03:07
b6c3b86f-d2a4-4ab0-8340-40fd26d3d6c9,bohrium.contact,available,13.98,16.78,medium,low,7,namecheap,,,20/09/2026 22:07
862753b8-d2c0-4b69-a5cd-4992d6572927,complainer.contact,available,14.99,14.99,medium,low,10,namesilo,,,23/09/2026 06:45
ed9ccb7f-a6e4-41c6-8c95-3d037f3c636d,deposition.contact,available,14.99,14.99,medium,low,10,namesilo,,,24/09/2026 22:00
195af5fb-10d8-4114-a31a-5efe4902f4ca,praiseful.contact,available,13.98,16.78,medium,low,9,namecheap,,,22/08/2026 20:51
0fd2705a-34a7-40a3-9715-16e75aaf6e03,geometry.contact,available,11.59,11.59,high,low,8,spaceship,,,29/09/2026 20:49
7d184069-cbc0-42a9-abf1-2622784bd812,prohibited.contact,available,13.98,16.78,medium,low,10,namecheap,,,08/08/2026 13:48
3f292355-4d56-4bbb-acae-ad2f81d9789e,fatalist.contact,available,13.98,16.78,medium,low,8,namecheap,,,17/08/2026 23:29
6321a95d-4472-47ab-8484-6a2b37b3dfd6,investigative.contact,available,11.59,11.59,medium,low,13,spaceship,,,29/09/2026 08:53
f99dc024-efd7-4894-84bd-c1a1128d872b,soyuz.contact,available,13.98,16.78,high,low,5,namecheap,,,29/09/2026 15:02
18db801d-7b73-4c82-88f0-024aabd53799,ataraxic.contact,available,13.98,16.78,low,low,8,namecheap,,,07/08/2026 12:49
5ad83ef0-0ee4-4d4e-92f7-d1766c7084ba,captivity.contact,available,11.59,11.59,medium,low,9,spaceship,,,29/09/2026 11:51
9a4ae20d-28db-4117-8f43-87f546573ff6,wollaston.contact,available,11.99,11.99,medium,low,9,dynadot,,,02/10/2026 17:10
86e9fc82-b543-45b1-8d3f-e4c8f277740f,lambs.contact,available,14.99,14.99,medium,low,5,namesilo,,,01/10/2026 16:54
dcc4fbe4-ffc0-4216-9015-37edb814afb1,bastards.contact,available,11.2,11.2,medium,low,8,cloudflare,,,29/09/2026 11:17
dd350f48-ce50-40ea-83cc-06e12ec4b85a,bestiary.contact,available,14.99,14.99,medium,low,8,namesilo,,,23/09/2026 10:36
d9bc3092-8479-402b-84c4-e56110d72f81,kosmos.contact,available,11.59,11.59,high,low,6,spaceship,,,01/10/2026 18:33
8cbb3629-3ea8-4e0f-92d9-e3e98a9b81f7,boozer.contact,available,13.98,16.78,medium,low,6,namecheap,,,
cea700f9-6fa4-49ff-8b46-e6c3fe4ffa0a,removing.contact,available,11.59,11.59,high,low,8,spaceship,,,28/09/2026 07:21
ebb92e91-f69b-4553-a644-d399922f7982,atom.contact,resell,,,high,medium,4,Dynadot Inc,29/05/2026 13:45,29/05/2027 13:45,26/09/2026 04:06
dd18b8c9-6412-43fe-91cc-cbd7307cf6b6,outdoors.contact,available,14.99,14.99,high,low,8,namesilo,,,21/09/2026 23:54
e38abca1-770f-48ba-8f7f-779897f99094,roaming.contact,available,11.2,11.2,high,low,7,cloudflare,,,30/09/2026 23:48
e1c9b380-a4dc-4148-94ad-4d852d6cce19,fugitive.contact,available,13.98,16.78,high,low,8,namecheap,,,18/08/2026 07:53
1029b304-2179-4583-9e01-43e949bd764e,ashamed.contact,available,11.59,11.59,medium,low,7,spaceship,,,27/09/2026 17:32
9762649c-6988-4359-8830-7515ea0c2235,wehrmacht.contact,available,14.99,14.99,medium,low,9,namesilo,,,28/09/2026 16:22
f4985c09-cc85-4981-84a5-693bc63f8581,submarine.contact,available,13.98,16.78,high,low,9,namecheap,,,11/09/2026 00:16
6c9d3a96-7f46-450d-a2af-b512d113bac4,testicular.contact,available,13.98,16.78,medium,low,10,namecheap,,,11/09/2026 12:06
0c07a396-6f66-466a-9823-6873f056a9d5,majorca.contact,available,11.2,11.2,medium,low,7,cloudflare,,,03/10/2026 01:32
a107213d-be7b-477f-97e6-6cac387430b0,proceeded.contact,available,14.99,14.99,medium,low,9,namesilo,,,18/09/2026 01:36
45c69da9-a7eb-4bfa-bb8e-eb495470078c,argued.contact,available,14.99,14.99,medium,low,6,namesilo,,,28/09/2026 22:57
a8c61c1f-162d-4207-93c2-105b3476b5cb,accra.contact,available,14.99,14.99,high,low,5,namesilo,,,16/09/2026 23:13
fd1b4d08-c90c-45f0-82cc-7b49af312205,johnstown.contact,available,11.99,11.99,medium,low,9,dynadot,,,28/09/2026 22:27
0f1b879a-2989-43c6-a57a-384fc77db48f,chicness.contact,available,13.98,16.78,medium,low,8,namecheap,,,12/08/2026 04:44
b4ae8a1d-b31e-4660-921e-7fd1756909e0,reduce.contact,available,14.99,14.99,high,low,6,namesilo,,,24/09/2026 08:28
ac95e87d-3796-484d-86dc-f264c1030773,questioning.contact,available,14.99,14.99,medium,low,11,namesilo,,,27/09/2026 09:01
be5af6c2-d996-4e6f-8c9d-b262881c00ae,lowe.contact,available,11.84,11.84,high,low,4,porkbun,,,29/09/2026 15:01
17e131de-6284-4144-beae-a1716ab2c244,demoralize.contact,available,13.98,16.78,medium,low,10,namecheap,,,13/08/2026 02:16
6f9db1c5-2d29-4c4f-945f-f81b12e8025c,shy.contact,available,14.99,14.99,high,low,3,namesilo,,,27/09/2026 21:35
484c6232-44cb-4173-9bd7-3f406bdc64b7,granola.contact,available,11.2,11.2,high,low,7,cloudflare,,,29/09/2026 21:28
de321c94-25c1-4fbf-83b7-4e594e801623,parabolic.contact,available,13.98,16.78,high,medium,9,namecheap,,,05/09/2026 01:45
0e62e306-90a4-4217-bf03-1970b0494207,kale.contact,available,14.99,14.99,high,low,4,namesilo,,,24/09/2026 06:48
f5f5c685-690e-4f6e-92ee-4f4c7a37c617,archetype.contact,available,13.98,16.78,high,low,9,namecheap,,,20/09/2026 02:02
2dae1163-a38f-4ab1-8f11-95270e229892,future.contact,resell,,,high,medium,6,Porkbun LLC,09/12/2020 16:00,09/12/2026 16:00,26/09/2026 06:18
eeb082f4-c2bc-4b4b-af9d-95cfe8f3f60c,pellucid.contact,available,13.98,16.78,high,low,8,namecheap,,,13/08/2026 09:44
d4699da8-cc2c-4ce7-a37e-91369ee9fde0,full.contact,resell,,,high,low,4,Dynadot Inc,07/12/2020 15:24,07/12/2028 15:24,26/09/2026 06:16
b1010529-4adf-4a70-92c8-02d10e512c50,stakes.contact,available,14.99,14.99,high,low,6,namesilo,,,23/09/2026 10:49
89068aee-cb65-4b19-b3ad-bf25285c94fc,quercus.contact,available,11.59,11.59,high,low,7,spaceship,,,28/09/2026 05:49
3efbd5bb-6c4e-4d68-a1b8-cc54d87ba7b9,pkk.contact,available,11.2,11.2,high,low,3,cloudflare,,,02/10/2026 07:38
c277078e-233c-44ff-8096-0b446c3f5bb1,hathaway.contact,available,13.98,16.78,high,low,8,namecheap,,,19/09/2026 10:18
e9992f37-d505-4b9a-b40f-c96b592a5fdf,zombie.contact,available,14.99,14.99,high,low,6,namesilo,,,21/09/2026 07:05
93288eb5-e6ca-4d62-81ec-b35f4b74a8e5,luang.contact,available,11.59,11.59,medium,low,5,spaceship,,,02/10/2026 21:01
ce84fd25-36ed-431e-89d5-3aaa3932eabb,millionaire.contact,available,11.2,11.2,high,low,11,cloudflare,,,28/09/2026 07:04
e65adeb9-425e-48d8-ab2e-61e345e94b1e,sinai.contact,available,13.98,16.78,high,low,5,namecheap,,,25/09/2026 09:30
833fdfc8-3eb1-4d7f-ae8c-d70adff274cd,squeal.contact,available,11.2,11.2,high,low,6,cloudflare,,,03/10/2026 01:42
542d2114-4256-49a4-91bb-9359fbb9d340,aerobe.contact,available,14.99,14.99,medium,low,6,namesilo,,,17/09/2026 12:54
c867aae0-9d4d-4687-bb6d-78ad43fdb419,lusty.contact,available,13.98,16.78,high,low,5,namecheap,,,12/08/2026 20:20
0ca97d8d-6510-4f1a-9124-a818a6aab79e,vanishing.contact,available,11.99,11.99,medium,low,9,dynadot,,,29/09/2026 20:33
1fe7e715-f6aa-4026-a12b-b46cc7a85720,smallpox.contact,available,11.99,11.99,medium,low,8,dynadot,,,29/09/2026 02:12
37284d8f-a39f-415d-8b46-45ea02da54ef,ships.contact,available,14.99,14.99,medium,low,5,namesilo,,,18/09/2026 14:07
6cf68d67-6ddf-4a80-83d9-623cbc818dcd,polymer.contact,available,14.99,14.99,high,low,7,namesilo,,,02/10/2026 06:07
33946758-f457-4ba4-85b4-aa8b5884a518,cdrom.contact,available,14.99,14.99,medium,low,6,namesilo,,,30/09/2026 16:37
9f9ec8a0-dcec-4116-b400-feeb5848ba01,dread.contact,available,13.98,16.78,high,low,5,namecheap,,,14/08/2026 18:38
7567ce0b-f655-41c8-9f52-887b1fca1fc8,duckbill.contact,available,13.98,16.78,medium,low,8,namecheap,,,14/08/2026 20:46
b5df6ffe-d541-4195-b48a-8cde9708cd49,viatical.contact,available,13.98,16.78,medium,low,8,namecheap,,,13/09/2026 05:03
bafa5bc8-95ed-4bf4-822b-22f1a5c8726a,politician.contact,available,14.99,14.99,high,low,10,namesilo,,,28/09/2026 10:44
f13891e4-b0db-4ff0-838a-094de1be9d2b,rate.contact,available,14.99,14.99,high,low,4,namesilo,,,24/09/2026 13:46
42b3a55f-a0ab-421f-a7ea-d7579b10ad0a,arran.contact,available,14.99,14.99,medium,low,5,namesilo,,,01/10/2026 23:18
05dcb553-3e44-45db-aa6f-1b96fad11ae2,typic.contact,available,13.98,16.78,medium,low,5,namecheap,,,11/09/2026 22:29
19309b97-0b6b-4844-82fd-33d6f45ae594,pahlavi.contact,available,11.59,11.59,high,low,7,spaceship,,,01/10/2026 03:01
04995f1d-f7e0-4a71-805f-779b1ccbe72b,luz.contact,available,11.2,11.2,medium,low,3,cloudflare,,,28/09/2026 21:47
a5ee2881-c66c-4d13-ba62-1186dfaf6781,optimistic.contact,available,13.98,16.78,high,low,10,namecheap,,,04/09/2026 17:07
59350a9c-d2d5-4949-95e5-bdb478302571,surpass.contact,available,11.99,11.99,high,low,7,dynadot,,,02/10/2026 05:59
15aa401a-dda9-49f9-9c20-a96bcd8bb5d6,though.contact,available,14.99,14.99,medium,low,6,namesilo,,,16/09/2026 08:58
e3feeb2c-b6bb-49e1-9778-879769bd1435,medford.contact,available,11.84,11.84,medium,low,7,porkbun,,,28/09/2026 10:21
38da340d-25be-4463-9caf-6f59eeac8439,starred.contact,available,13.98,16.78,medium,low,7,namecheap,,,07/08/2026 08:52
533c6440-4e51-4b9d-85f7-d4335fc44d95,eristic.contact,available,13.98,16.78,medium,low,7,namecheap,,,17/08/2026 12:17
93d3355e-094f-4106-8bdb-13d83bee7ac2,your.contact,resell,,,high,medium,4,"Name.com, Inc.",07/12/2020 17:27,07/12/2026 17:27,02/10/2026 04:33
b9686932-41b7-4079-86e4-f9b3689cda34,lays.contact,available,11.84,11.84,medium,low,4,porkbun,,,29/09/2026 05:27
055e06c3-1d54-44e7-96ca-4f9bbe3351bd,cheetos.contact,available,14.99,14.99,high,low,7,namesilo,,,21/09/2026 04:04
e5b15527-efae-4aba-af6f-36fdfe0b2180,robison.contact,available,11.99,11.99,medium,low,7,dynadot,,,30/09/2026 21:35
dea00fe9-59b6-4898-96b2-c1ac9ce95c68,hurdle.contact,available,11.59,11.59,high,low,6,spaceship,,,30/09/2026 17:39
1cb44bc2-528d-45a1-8afa-e4751bb40434,bong.contact,available,14.99,14.99,high,low,4,namesilo,,,02/10/2026 04:07
eab936da-d111-458e-868d-6c9cb757abdd,ballock.contact,available,14.99,14.99,medium,low,7,namesilo,,,21/09/2026 23:03
25080469-9f2a-4c07-873a-3d2514468c17,money.contact,resell,,,high,medium,5,Porkbun LLC,22/02/2024 15:15,22/02/2027 15:15,30/09/2026 05:05
8b56dd6a-ae71-426c-82f0-134006be0320,works.contact,available,13.98,16.78,high,low,5,namecheap,,,24/09/2026 21:13
84b7636a-ab8c-49d4-8561-4a270c83f563,patterns.contact,available,14.99,14.99,medium,low,8,namesilo,,,28/09/2026 08:39
72284304-8728-4681-a20d-3cf78f8bfa33,repay.contact,available,14.99,14.99,high,low,5,namesilo,,,28/09/2026 06:39
c8953981-ec8a-4cef-8bd2-6569d599f9fe,thwart.contact,available,13.98,16.78,medium,low,6,namecheap,,,09/09/2026 08:15
90708051-13c9-46ea-822e-77369a03c1a3,postage.contact,available,11.59,11.59,high,low,7,spaceship,,,29/09/2026 20:01
1253e171-25ac-45e5-9a3f-610af325322f,fearing.contact,available,11.59,11.59,medium,low,7,spaceship,,,30/09/2026 15:26
63485519-1100-4dee-ad9d-8c6f687ce06e,terrane.contact,available,14.99,14.99,high,low,7,namesilo,,,02/10/2026 18:37
b8942dc0-e99a-482d-b692-eae77d9a6b19,hitter.contact,available,14.99,14.99,high,low,6,namesilo,,,22/09/2026 14:18
b6c9bce0-7d71-4808-b5e4-5ee1edf88686,dishonor.contact,available,11.59,11.59,medium,low,8,spaceship,,,29/09/2026 15:45
54d0b299-1d62-4212-9d41-c76bd3c28f5b,gainesville.contact,available,14.99,14.99,medium,low,11,namesilo,,,27/09/2026 07:47
f4997317-dbab-4cc2-968f-2415093a7910,exhibiting.contact,available,11.84,11.84,medium,low,10,porkbun,,,02/10/2026 02:10
433f08d9-a47e-4903-8f77-628d7f9caa63,uncolored.contact,available,13.98,16.78,medium,low,9,namecheap,,,12/09/2026 02:06
8b433360-4b50-40a0-9bb6-197f58d5bd05,racine.contact,available,11.59,11.59,high,low,6,spaceship,,,28/09/2026 02:12
4f278d88-8412-4038-baf8-7274e73f2b78,carbonate.contact,available,11.59,11.59,high,low,9,spaceship,,,02/10/2026 14:33
aabb20cf-5066-4a35-8707-0248ef9f6f2f,expanded.contact,available,13.98,16.78,high,low,8,namecheap,,,17/08/2026 17:57
64fc0e93-538a-485f-8761-8a5cb3bca707,break.contact,available,14.99,14.99,high,low,5,namesilo,,,22/09/2026 17:01
e93e4da5-689c-4f7d-941c-586699143737,isle.contact,available,14.99,14.99,high,low,4,namesilo,,,30/09/2026 00:26
5764ae02-71ad-4236-961c-eb4989d4c7be,most.contact,available,14.99,14.99,high,low,4,namesilo,,,25/09/2026 21:48
ef9f4bfb-8f47-494c-927d-85a906757295,soule.contact,available,11.59,11.59,medium,low,5,spaceship,,,30/09/2026 20:15
7c0b2352-54e9-445d-adb3-1262216f2bcf,alkaloidal.contact,available,13.98,16.78,medium,low,10,namecheap,,,
7dc17641-ca8f-4ad9-aedb-1dbd661bdd3d,diffusive.contact,available,13.98,16.78,medium,low,9,namecheap,,,14/08/2026 07:10
bd4071d8-6839-48cc-9bb2-e53116e27faa,rauch.contact,available,11.59,11.59,high,low,5,spaceship,,,02/10/2026 08:32
86d14b51-d976-4443-acb7-97f946cfa136,fundamental.contact,available,11.2,11.2,high,low,11,cloudflare,,,28/09/2026 11:15
8b12e26b-545e-4693-ac25-1bd637effcae,belonging.contact,available,14.99,14.99,high,low,9,namesilo,,,23/09/2026 06:53
fe2bfec7-d3c6-462f-aba3-1db6934eedf7,indwelling.contact,available,13.98,16.78,medium,low,10,namecheap,,,22/08/2026 03:37
684f78a0-f7c0-480b-900f-9bd14e0ec88c,meeting.contact,available,11.99,11.99,high,low,7,dynadot,,,02/10/2026 11:39
5437b865-d99c-4c06-a972-13eeb9edc9a9,babbler.contact,available,14.99,14.99,high,low,7,namesilo,,,21/09/2026 12:25
5de6d22d-3957-4c4e-a635-45b38e4d116f,allemande.contact,available,14.99,14.99,medium,low,9,namesilo,,,18/09/2026 10:46
e3ae3f43-f5e0-4b43-88fd-36211acdbfcd,seamless.contact,available,13.98,16.78,high,low,8,namecheap,,,10/09/2026 00:47
d972d6a0-c1e3-47da-8adb-cf96a89af364,sacrificed.contact,available,11.2,11.2,low,low,10,cloudflare,,,28/09/2026 17:16
12903a37-bd34-4561-8d3b-620b3c88dd6d,blanco.contact,available,11.2,11.2,high,low,6,cloudflare,,,01/10/2026 04:49
e4bd0e73-506d-4ab8-ac8a-4cc575b6eb1e,horrifying.contact,available,13.98,16.78,medium,low,10,namecheap,,,18/08/2026 15:42
1ddfe375-16aa-4a03-8176-02e24836c6bc,stuffer.contact,available,14.99,14.99,medium,low,7,namesilo,,,19/09/2026 08:48
a935f42f-9b1f-40be-9bf2-e6b77036f9a3,unopen.contact,available,13.98,16.78,medium,low,6,namecheap,,,10/09/2026 07:06
ae7d5276-d559-42d1-b040-d12effc3411e,tissues.contact,available,14.99,14.99,medium,low,7,namesilo,,,29/09/2026 10:39
83514eb9-d44d-46d4-b3c1-020b993fc5a6,ioc.contact,available,14.99,14.99,high,low,3,namesilo,,,28/09/2026 07:36
4b1d7d6f-d1a3-4d6e-b5b6-39c0cbcc2c53,feverish.contact,available,13.98,16.78,medium,low,8,namecheap,,,18/08/2026 00:29
360e28b5-135a-4f1f-a22c-85dd846a71d5,basset.contact,available,13.98,16.78,medium,low,6,namecheap,,,22/09/2026 12:10
10534ef7-157e-4532-95ed-7bcfd9631dc7,stinky.contact,available,13.98,16.78,high,low,6,namecheap,,,13/08/2026 05:18
ecf11c8b-c146-4e28-abd1-9363ec8723e1,argentic.contact,available,13.98,16.78,medium,low,8,namecheap,,,06/08/2026 18:06
b5af1f7d-c08f-4af4-9bfd-69e5959b6f3f,brahms.contact,available,11.2,11.2,high,low,6,cloudflare,,,02/10/2026 14:26
b99dceb9-2f05-46d5-be03-2a922c827551,bandbox.contact,available,14.99,14.99,medium,low,7,namesilo,,,22/09/2026 01:01
37787624-6a3a-475a-bd9b-80396e74cec2,ellison.contact,available,14.99,14.99,high,low,7,namesilo,,,27/09/2026 03:49
1cd63ffe-0c30-442a-bc1f-cae631c5fbfb,russell.contact,resell,,,high,low,7,Porkbun LLC,09/12/2020 16:00,09/12/2026 16:00,26/09/2026 08:46
13b52379-49a3-4b10-ba68-5cb5e1e6da07,ampule.contact,available,13.98,16.78,medium,low,6,namecheap,,,18/09/2026 23:48
132c6e8d-c88e-445d-87c1-22df40a413a6,stalemated.contact,available,16.99,20.99,low,low,10,name.com,,,13/08/2026 19:29
04a7bb7c-b88c-4c85-8120-3b01f1c73611,lizards.contact,available,11.59,11.59,medium,low,7,spaceship,,,30/09/2026 16:04
082f4add-fb07-4a38-8c04-39a6bb8f4c46,dispenser.contact,available,14.99,14.99,high,low,9,namesilo,,,24/09/2026 22:56
5407412d-ea1d-401e-a521-1955753e59d5,train.contact,available,11.59,11.59,high,low,5,spaceship,,,28/09/2026 19:31
80195744-e6c7-4cf4-99a3-7246e79901f1,suny.contact,available,11.59,11.59,medium,low,4,spaceship,,,28/09/2026 16:53
6af5db87-434d-45ce-8fc8-f51a73f0a007,involves.contact,available,13.98,16.78,medium,low,8,namecheap,,,19/09/2026 23:56
d5bb1a8e-9062-4709-afd8-129177145f4c,improvement.contact,available,11.59,11.59,high,low,11,spaceship,,,28/09/2026 16:57
2ccbdb95-88d6-4268-a9f8-d743504faabc,charitable.contact,available,13.98,16.78,high,low,10,namecheap,,,12/08/2026 02:34
c284981f-0c21-4ee4-a217-fb1245d62bad,columbian.contact,available,13.98,16.78,medium,low,9,namecheap,,,12/08/2026 18:12
1d0d865e-7cfe-4614-8012-5f151564688d,kelly.contact,resell,,,high,low,5,Porkbun LLC,09/12/2020 16:00,09/12/2026 16:00,26/09/2026 07:04
accc6f10-22ae-408b-b8ff-3e10c1c64d89,eglinton.contact,available,11.99,11.99,medium,low,8,dynadot,,,02/10/2026 21:03
cf2f2bfa-7706-4e3d-8c1a-d8aba72ef3cd,positioning.contact,available,13.98,16.78,high,low,11,namecheap,,,29/09/2026 14:53
278bbcf7-f949-4aad-ab4d-c9e1d2158c20,breadfruit.contact,available,14.99,14.99,high,low,10,namesilo,,,20/09/2026 11:57
0d53bbd5-22c4-423f-b0f7-12bf33006d93,canberra.contact,available,14.99,14.99,high,low,8,namesilo,,,21/09/2026 04:47
5dd59f4f-0b03-4db1-b3ad-54793f273c43,renegade.contact,available,13.98,16.78,high,low,8,namecheap,,,06/08/2026 03:45
2d794599-763b-4e09-889f-620c6c5924c9,skyward.contact,available,13.98,16.78,high,low,7,namecheap,,,21/08/2026 05:26
e69750a3-3871-4aaa-ab1f-46f0f5181eee,feared.contact,available,11.99,11.99,medium,low,6,dynadot,,,28/09/2026 11:28
a26b84fd-b629-41e8-8f30-5d172998f422,acantha.contact,available,13.98,16.78,medium,low,7,namecheap,,,16/09/2026 20:38
79bab220-9195-4a8d-9cb6-87e0fe733cfe,reverend.contact,available,13.98,16.78,high,low,8,namecheap,,,09/09/2026 16:06
38a9d729-bd37-472e-b621-355bf96ae272,rfc.contact,available,14.99,14.99,high,low,3,namesilo,,,27/09/2026 06:31
f425e34b-fe8a-41f4-b0cc-668be010b87e,flavour.contact,available,11.59,11.59,high,low,7,spaceship,,,01/10/2026 19:33
d4bba956-45b6-4c58-a8b0-9dee6f6be5bb,zama.contact,available,14.99,14.99,medium,low,4,namesilo,,,22/09/2026 16:21
85e7ec8b-e8ca-4699-985a-0a90de11e42f,compatibility.contact,available,14.99,14.99,high,low,13,namesilo,,,30/09/2026 06:20
448ed370-13f5-4fb6-ae22-1ecd39bd34d2,fadeout.contact,available,13.98,16.78,medium,low,7,namecheap,,,09/09/2026 11:18
61007013-3bd3-4acb-b317-2eca60576ff3,instructor.contact,available,14.99,14.99,high,low,10,namesilo,,,28/09/2026 02:10
8a026d48-9b0d-40fc-b397-b1730bd1f902,petra.contact,available,14.99,14.99,high,low,5,namesilo,,,28/09/2026 11:54
4f5c9920-4291-4668-b1c5-d8aa3914512e,owned.contact,available,13.98,16.78,high,low,5,namecheap,,,26/09/2026 03:41
9b5f5243-71ad-4733-9cc7-d29e53deb646,favourable.contact,available,14.99,14.99,high,low,10,namesilo,,,24/09/2026 17:24
f770dd02-99ed-43f9-8d22-3fb184a96bae,david.contact,resell,,,high,medium,5,Porkbun LLC,09/12/2020 16:00,09/12/2026 16:00,29/09/2026 13:17
6b26a534-e4df-4a6f-86f1-cd8c1ff74e6c,autostrada.contact,available,14.99,14.99,medium,low,10,namesilo,,,21/09/2026 07:54
23f9442c-ca58-49b8-93d0-048d172e4d98,clegg.contact,available,11.59,11.59,medium,low,5,spaceship,,,30/09/2026 16:44
e2f6bd3a-88a7-4a34-aec2-a049e4a5568a,bathos.contact,available,14.99,14.99,medium,low,6,namesilo,,,22/09/2026 13:49
80ebe1e1-6a00-4f14-a879-dcaaacbbf059,strategically.contact,available,11.59,11.59,medium,low,13,spaceship,,,01/10/2026 06:13
42dbd2b4-568e-4783-a604-8c187f5e9d6a,kilogramme.contact,available,11.59,11.59,medium,low,10,spaceship,,,30/09/2026 23:59
e57fefc4-300d-4b4b-ba62-e9d56f743f59,hadley.contact,available,14.99,14.99,medium,low,6,namesilo,,,27/09/2026 20:44
988e8d7e-8ef6-4afb-85fe-1c1af5792732,abls.contact,available,14.99,14.99,medium,low,4,namesilo,,,16/09/2026 16:13
678f9026-a9d8-48d6-ba7c-3b8d7ad0433c,reads.contact,available,14.99,14.99,medium,low,5,namesilo,,,19/09/2026 00:45
404fef25-89ee-4a3e-a2ec-003cde20a4b7,implicate.contact,available,14.99,14.99,high,low,9,namesilo,,,03/10/2026 02:34
739dcf36-cf3f-48e0-980a-b4bd4fd91cc8,vistula.contact,available,11.2,11.2,medium,low,7,cloudflare,,,30/09/2026 19:05
35f09ea6-9c2e-434d-92a7-bf593fd978c2,betty.contact,resell,,,high,low,5,,,,30/09/2026 03:40
be4bcdd8-508a-4652-a44d-4867cac4963e,sodomy.contact,available,14.99,14.99,medium,low,6,namesilo,,,19/09/2026 01:34
ea712288-8fb7-4956-b706-85c42c1c992e,margherita.contact,available,11.59,11.59,high,low,10,spaceship,,,02/10/2026 18:19
898a9d60-f4da-4fd2-938c-d06a0180b17d,reinforcement.contact,available,14.99,14.99,high,low,13,namesilo,,,29/09/2026 22:51
01fa8477-12e4-4ad9-99f6-3ffe9edc47b0,seraphic.contact,available,13.98,16.78,high,low,8,namecheap,,,12/08/2026 04:26
fb43c340-a246-480d-b8a4-f15965136eb7,contestant.contact,available,13.98,16.78,medium,low,10,namecheap,,,14/08/2026 12:45
33b7911a-db23-456d-8fd1-61e07daf06ca,boxer.contact,available,11.59,11.59,high,low,5,spaceship,,,01/10/2026 02:29
82bbfdf1-3cb4-4790-9122-7f334f4b7bcc,charger.contact,available,13.98,16.78,high,low,7,namecheap,,,22/09/2026 14:35
c147bc1e-e796-4bcf-abf2-cb7aa70e1777,trinidad.contact,available,11.84,11.84,medium,low,8,porkbun,,,01/10/2026 22:00
7ae19020-ade1-44bd-bbe1-b03c26e68dfa,elevated.contact,available,13.98,16.78,high,low,8,namecheap,,,16/08/2026 03:35
4fb80e61-a8fd-4e21-97cd-e4d42d066bc9,curie.contact,available,13.98,16.78,high,low,5,namecheap,,,12/08/2026 08:00
76edfdaf-479d-4d80-934d-176a52c73b6a,elmhurst.contact,available,11.59,11.59,medium,low,8,spaceship,,,02/10/2026 01:13
4c8be2b1-f379-48f2-b6f5-ffa98204ab9d,vedic.contact,available,13.98,16.78,medium,low,5,namecheap,,,13/09/2026 01:37
3b5f50dc-b141-4eea-9b8d-700b76be72d8,chernobyl.contact,available,14.99,14.99,medium,low,9,namesilo,,,29/09/2026 11:54
956db3cc-a70f-496b-b3ee-2431d4d26d01,endowed.contact,available,13.98,16.78,high,low,7,namecheap,,,17/08/2026 01:23
0d9767b3-e8e0-4999-aba1-6c3f6e11c62d,elegant.contact,available,14.99,14.99,high,low,7,namesilo,,,24/09/2026 13:48
2ef3779c-c478-40ae-8cde-a2eb045a4815,swish.contact,available,13.98,16.78,high,low,5,namecheap,,,12/08/2026 09:55
346da46d-6e2b-4c9a-97b3-94c80d70fc3a,erratum.contact,available,13.98,16.78,medium,low,7,namecheap,,,24/08/2026 07:21
54f98594-585d-470f-ad5a-c5d00120911e,spinous.contact,available,13.98,16.78,medium,low,7,namecheap,,,
616f1a73-d12c-46dc-8c55-d94fecb79c1d,fulgent.contact,available,13.98,16.78,medium,low,7,namecheap,,,10/08/2026 13:45
0aee32ba-cb08-4035-9df0-cb7a91484f9d,sweeping.contact,available,13.98,16.78,high,low,8,namecheap,,,11/09/2026 05:31
19a09e83-03f2-4642-bd0f-a6ae6c78a704,opportunity.contact,available,14.99,14.99,high,low,11,namesilo,,,27/09/2026 02:17
15eec439-fe86-4e97-a7a5-965165a14c6d,areopagus.contact,available,14.99,14.99,medium,low,9,namesilo,,,20/09/2026 03:52
677eea53-b41d-4099-86a6-68a4f5dc803c,altona.contact,available,13.98,16.78,medium,low,6,namecheap,,,03/10/2026 04:24
badc11d7-27dd-465b-ad71-17e76555f70f,loyalty.contact,available,14.99,14.99,high,low,7,namesilo,,,18/09/2026 10:32
5264b647-0605-453b-9d4c-f53355010f19,adrift.contact,available,13.98,16.78,medium,low,6,namecheap,,,
2e0589b7-09be-494a-b679-6d8a859ea509,annelidan.contact,available,13.98,16.78,medium,low,9,namecheap,,,
837aee58-a6c4-4316-b5ff-c17ca0e380e9,furred.contact,available,13.98,16.78,medium,low,6,namecheap,,,18/08/2026 18:52
99d25e8c-f9fc-4ef1-b68b-48b2ef8ad72c,descended.contact,available,14.99,14.99,medium,low,9,namesilo,,,29/09/2026 10:16
4a3e7e03-471c-45ea-871b-0669512c683e,dulcet.contact,available,13.98,16.78,medium,low,6,namecheap,,,14/08/2026 20:59
151c538d-6947-48c3-b6b4-97e3f2027df3,cognisance.contact,available,13.98,16.78,high,low,10,namecheap,,,21/09/2026 09:57
73b4c1dc-d90d-4d90-abc1-866b38fd8952,uncoated.contact,available,13.98,16.78,medium,low,8,namecheap,,,12/09/2026 05:35
258767a9-bddf-4d08-b274-f34c44782237,tricked.contact,available,11.59,11.59,medium,low,7,spaceship,,,29/09/2026 23:35
7277692a-cc53-4d67-bdda-d7bc51b4c072,stereo.contact,available,13.98,16.78,high,low,6,namecheap,,,10/09/2026 20:09
9e359784-04b8-46c6-91cd-aee85987c3aa,terminals.contact,available,11.59,11.59,medium,low,10,spaceship,,,02/10/2026 03:04
d03daaee-963d-4af8-af98-0671c7d7002f,bengali.contact,available,13.98,16.78,medium,low,7,namecheap,,,09/08/2026 14:29
75fbbd67-cfc6-48ba-9fda-0e117a5f0a48,defamation.contact,available,14.99,14.99,high,low,10,namesilo,,,02/10/2026 14:32
527c95e3-9d3a-4bb5-a523-15380fc9b34b,offense.contact,available,13.98,16.78,high,low,7,namecheap,,,04/09/2026 01:32
234b421d-38ff-4b8d-8da7-35408a5c179e,longview.contact,available,11.59,11.59,medium,low,8,spaceship,,,30/09/2026 21:47
8f2ce2f5-3698-47d5-9898-7a46b5249602,miracles.contact,available,11.59,11.59,high,low,8,spaceship,,,28/09/2026 05:03
260737fa-5c5c-4cbf-9bf3-372a1d52e12e,hiroshi.contact,available,14.99,14.99,medium,low,7,namesilo,,,29/09/2026 15:38
96acd38b-d032-4a65-85d6-7e6c110af68e,sideline.contact,available,13.98,16.78,high,low,8,namecheap,,,21/09/2026 09:42
44ea1bdf-c293-4e69-9511-48f294d1a6a6,maneuvering.contact,available,11.2,11.2,high,low,11,cloudflare,,,01/10/2026 23:02
71601d67-4d99-458c-8817-2fe367bfd644,alphavirus.contact,available,14.99,14.99,medium,low,10,namesilo,,,18/09/2026 13:47
4c8e4a29-1561-40ca-b4f8-99f499f88574,phase.contact,available,14.99,14.99,high,low,5,namesilo,,,30/09/2026 06:41
101466ff-7bdb-4759-8de6-081ca31d4ffc,acquirable.contact,available,13.98,16.78,high,low,10,namecheap,,,
3a96c7a7-d3c2-4fe5-a6c6-21a8369ab4ed,cloudless.contact,available,13.98,16.78,high,low,9,namecheap,,,12/08/2026 12:32
6cef3a4d-6e0d-498e-b5ed-b9e9e870b2d7,elbow.contact,available,14.99,14.99,high,low,5,namesilo,,,20/09/2026 11:23
5a4ffdce-24bc-47a6-bd5d-e2a4ba2231f7,astaire.contact,available,13.98,16.78,medium,low,7,namecheap,,,20/09/2026 16:54
3bc3edc6-753c-4287-a2bf-54300ab4262d,unprovable.contact,available,13.98,16.78,medium,low,10,namecheap,,,12/09/2026 17:29
44211d0e-33c0-4da4-afa2-931a0d00c81d,chancellor.contact,available,14.99,14.99,high,low,10,namesilo,,,28/09/2026 18:38
5f0da27e-dc7c-410f-a74f-050cdbf38466,mates.contact,available,11.59,11.59,high,low,5,spaceship,,,28/09/2026 10:21
928277cf-0838-401f-b95e-4942cac258f9,sparsely.contact,available,14.99,14.99,medium,low,8,namesilo,,,16/09/2026 05:55
a1c2acdc-9ee6-41a0-82d2-244bb73d1ccf,shuha.contact,available,13.98,16.78,medium,low,5,namecheap,,,10/09/2026 07:04
31214190-b0d1-40f0-b1b9-cbb57515bc30,kharkiv.contact,available,11.59,11.59,medium,low,7,spaceship,,,03/10/2026 01:24
4666889a-2b7c-440b-aefc-6f6f3acc5fef,rentable.contact,available,13.98,16.78,high,low,8,namecheap,,,09/09/2026 14:16
c0159a6f-35e0-480e-8711-33ab848feeda,confessional.contact,available,11.99,11.99,high,low,12,dynadot,,,30/09/2026 03:45
e04a7319-27a3-4dd2-858f-6a94f1989c1e,senegalese.contact,available,13.98,16.78,medium,low,10,namecheap,,,10/09/2026 03:43
7f705eaa-f10c-4e15-b0d9-6d24c3227a6d,expertly.contact,available,13.98,16.78,medium,low,8,namecheap,,,14/09/2026 17:05
663e8392-0257-4b88-a7b2-e41b7cd7f061,thee.contact,available,13.98,16.78,medium,low,4,namecheap,,,30/09/2026 21:59
27836c73-ae58-4b27-b64a-2f8dd886b96e,prickly.contact,available,13.98,16.78,medium,low,7,namecheap,,,08/08/2026 17:34
24d456ce-e36f-4915-8b6a-dd7b8c4d8f5d,vasari.contact,available,11.84,11.84,medium,low,6,porkbun,,,01/10/2026 19:48
7cc03671-1238-45c8-8283-7c07b50ed273,multiplayer.contact,available,11.59,11.59,high,low,11,spaceship,,,02/10/2026 21:22
f89e39b3-16f7-4fb7-a0bd-0bfcdb528dde,jural.contact,available,13.98,16.78,medium,low,5,namecheap,,,22/08/2026 14:34
75beee76-d5e8-4131-89d9-09424e1b7eca,collectors.contact,available,11.2,11.2,medium,low,10,cloudflare,,,29/09/2026 17:58
5cc96c79-8485-491d-9800-138bbaab9c40,idolized.contact,available,13.98,16.78,medium,low,8,namecheap,,,
9966180c-3d8f-41ae-9d65-b4696d681ff3,recognizes.contact,available,14.99,14.99,medium,low,10,namesilo,,,29/09/2026 11:34
c5e2ca9f-2d0c-4151-b9c5-83aa4daa0fa8,anagoge.contact,available,14.99,14.99,medium,low,7,namesilo,,,19/09/2026 01:27
d7a699c7-d68e-4d8c-a4ee-5de2e0f16de4,gamin.contact,available,13.98,16.78,medium,low,5,namecheap,,,11/09/2026 14:56
f53d07a6-758d-4983-b7d8-7372007c3043,downscale.contact,available,13.98,16.78,medium,low,9,namecheap,,,14/08/2026 17:52
a971adbb-7c10-4cb7-8537-9897742a341a,ojibwe.contact,available,11.99,11.99,medium,low,6,dynadot,,,02/10/2026 08:24
9525ca07-58ff-41aa-829a-7114e2a3527e,crossword.contact,available,14.99,14.99,high,low,9,namesilo,,,24/09/2026 19:41
c8446713-6522-4016-b5c5-883946f12a15,researchers.contact,available,14.99,14.99,medium,low,11,namesilo,,,18/09/2026 17:37
9034fa75-005a-47c5-9f88-8eaf7007d821,blueberry.contact,available,14.99,14.99,high,low,9,namesilo,,,30/09/2026 00:50
351c2cb0-e47e-4214-8d10-796192642d32,nonfiction.contact,available,11.59,11.59,high,low,10,spaceship,,,02/10/2026 11:45
b74526a5-5e99-4646-828b-b5184bcec830,groups.contact,available,11.99,11.99,high,low,6,dynadot,,,02/10/2026 20:42
65ee0623-b87b-473f-bd83-2163bfc81665,broadcast.contact,available,13.98,16.78,high,low,9,namecheap,,,02/10/2026 12:19
e4517300-04d0-47de-8867-6ea7ca523533,gettable.contact,available,13.98,16.78,high,low,8,namecheap,,,18/08/2026 23:02
2aa98ebe-fbc5-47cf-b6e2-0a1b5d50bf21,squalls.contact,available,13.98,16.78,low,low,7,namecheap,,,20/09/2026 14:16
6857686d-9867-4cc9-8b4d-6b47f646663d,achromatic.contact,available,13.98,16.78,medium,low,10,namecheap,,,
52fed538-ab66-44ff-9c65-f23d8403ce39,railroad.contact,available,14.99,14.99,high,low,8,namesilo,,,24/09/2026 23:46
54c44bff-87b3-4cb7-97b2-1b158986f07d,ductile.contact,available,13.98,16.78,medium,low,7,namecheap,,,14/08/2026 20:50
c2c80dd0-1d93-4545-9d0e-51deb9bbfa32,png.contact,available,11.2,11.2,high,low,3,cloudflare,,,30/09/2026 11:41
520ac372-28d6-4354-8df9-830a3551579c,sheeny.contact,available,13.98,16.78,high,low,6,namecheap,,,20/08/2026 14:32
fe5b7ce9-07c3-499a-a720-e3f179b4f51e,nkvd.contact,available,14.99,14.99,medium,low,4,namesilo,,,30/09/2026 04:47
2a20df49-8626-4fac-bc73-07018f50c563,demonic.contact,available,13.98,16.78,medium,low,7,namecheap,,,14/08/2026 01:26
eaa3a637-2e24-4254-9b6e-50111d16ba91,kano.contact,available,14.99,14.99,high,low,4,namesilo,,,29/09/2026 09:07
ac71b8cd-2647-42a4-9578-060ece37f702,delusion.contact,available,14.99,14.99,high,low,8,namesilo,,,24/09/2026 21:45
3f8680b2-2bf0-40bd-af07-7908aa93db99,allamerican.contact,available,11.59,11.59,high,low,12,spaceship,,,01/10/2026 22:44
dec1552a-bf20-4ecd-97fa-1b1bd5670734,attendee.contact,available,14.99,14.99,high,low,8,namesilo,,,21/09/2026 01:26
05f8bad8-5daf-4834-9a54-6bf7c2677ee1,extremity.contact,available,13.98,16.78,medium,low,9,namecheap,,,19/09/2026 20:32
df9261f6-e14a-4efd-80e4-da85ebb2d66a,nosey.contact,available,13.98,16.78,medium,low,5,namecheap,,,03/09/2026 21:50
d9d3b61a-2d1c-483f-a5a7-cb52b3ae42a3,shahn.contact,available,14.99,14.99,high,low,5,namesilo,,,23/09/2026 07:28
7387ea1a-0645-446a-ab61-2115d91cc55f,wits.contact,available,11.59,11.59,high,low,4,spaceship,,,29/09/2026 14:09
eb28bb0b-533a-41ed-b7f5-5a5dddbf753c,ranking.contact,available,14.99,14.99,high,low,7,namesilo,,,27/09/2026 09:40
1cebd2c8-c351-4ead-be5b-81fa16bc8d83,surd.contact,available,13.98,16.78,medium,low,4,namecheap,,,11/09/2026 03:41
906be657-2029-4dca-99db-780c2682c64b,sniffing.contact,available,11.59,11.59,medium,low,8,spaceship,,,30/09/2026 20:12
d25704e8-7495-4b2a-ad36-5f3f0738d166,tissue.contact,available,14.99,14.99,high,low,6,namesilo,,,27/09/2026 05:43
34a47de2-4ed2-439f-b4c6-70cc5544d7de,agaric.contact,available,14.99,14.99,medium,low,6,namesilo,,,17/09/2026 16:17
3789f590-6eef-413d-8b95-250df800815f,conjecture.contact,available,13.98,16.78,high,low,10,namecheap,,,24/09/2026 17:17
fe40605c-eded-4bbb-a014-ca8edb8dfa41,rizal.contact,available,14.99,14.99,medium,low,5,namesilo,,,30/09/2026 14:01
18fd6a44-bdb2-4e62-8c00-ee04097cff4d,premises.contact,available,13.98,16.78,high,low,8,namecheap,,,28/09/2026 15:06
7706b176-3eec-4829-9e7b-50d7bc4ffb33,undisciplined.contact,available,11.59,11.59,medium,low,13,spaceship,,,01/10/2026 06:56
caaebfc6-6fcf-4377-b2ce-d1172f3fa3e4,arises.contact,available,14.99,14.99,low,low,6,namesilo,,,30/09/2026 07:05
bc6a3302-cec2-4602-a511-6a5b438709e0,michelson.contact,available,14.99,14.99,medium,low,9,namesilo,,,16/09/2026 12:52
c2939b7b-060d-4af6-a2b3-a87a92cb4e4a,cylinder.contact,available,14.99,14.99,high,low,8,namesilo,,,29/09/2026 00:34
ac75cf02-4da4-43c9-a569-2f104465cf8c,enmity.contact,available,14.99,14.99,medium,low,6,namesilo,,,19/09/2026 12:26
6ff8f51d-312a-46a2-afa4-31cada87dca1,hamm.contact,available,14.99,14.99,medium,low,4,namesilo,,,29/09/2026 21:55
3ccf37c6-74cb-4b64-b747-f4eb775427a0,blackfriars.contact,available,11.59,11.59,medium,low,11,spaceship,,,03/10/2026 03:14
3d110cf6-f013-4cf3-b774-2e9caaf5fae9,buckram.contact,available,13.98,16.78,medium,low,7,namecheap,,,11/08/2026 07:31
626153cc-e81b-4430-8221-00dfe6f3de41,autumnal.contact,available,13.98,16.78,medium,low,8,namecheap,,,07/08/2026 21:23
a3ea740a-3447-4182-968e-d3e8291a61f0,loosen.contact,available,11.99,11.99,high,low,6,dynadot,,,29/09/2026 20:44
033eb033-0621-4630-b02d-b0adbdbdf28d,miao.contact,available,13.98,16.78,high,low,4,namecheap,,,21/08/2026 10:03
e3732b68-d2cd-4778-ba67-2002c55f39b0,messaging.contact,available,14.99,14.99,high,low,9,namesilo,,,29/09/2026 06:22
1634e477-6b85-4501-adc5-55f64af98604,dilemma.contact,available,11.84,11.84,high,low,7,porkbun,,,29/09/2026 14:57
655492be-49b3-4fd4-9b73-de22c542cdfc,losing.contact,available,14.99,14.99,high,low,6,namesilo,,,25/09/2026 11:49
42eb97b2-e82b-4225-aceb-0f47e6632a1c,sava.contact,available,11.59,11.59,high,low,4,spaceship,,,30/09/2026 05:14
387c1689-6481-4246-8839-82fb9b0edd51,entitled.contact,available,14.99,14.99,high,low,8,namesilo,,,24/09/2026 14:10
95a9c4a2-fa37-44e2-8361-f0791f2d8be5,largely.contact,available,11.59,11.59,medium,low,7,spaceship,,,28/09/2026 14:55
bd86ccd2-990d-4b26-b278-ea2324a68f37,blackbeard.contact,available,14.99,14.99,medium,low,10,namesilo,,,24/09/2026 02:06
8613654b-1422-4804-bef4-c329f1a71f84,lazarus.contact,available,11.59,11.59,high,low,7,spaceship,,,29/09/2026 19:32
d744f47e-8eed-4a8f-be02-472fe34691d7,untidy.contact,available,13.98,16.78,medium,low,6,namecheap,,,12/09/2026 21:22
140ecd87-5181-4ec1-8526-cf3c535e2fbc,tonic.contact,available,14.99,14.99,high,low,5,namesilo,,,19/09/2026 16:01
ee296ace-203e-4e1a-bbd6-a7e775e99b47,strangers.contact,available,13.98,16.78,medium,low,9,namecheap,,,
ba95c24e-cfad-44bb-a1c2-71dc5e57a8a7,poetry.contact,available,14.99,14.99,high,low,6,namesilo,,,25/09/2026 10:00
9444cf5f-9206-48d8-b30e-75d202a4d9cc,indulging.contact,available,13.98,16.78,high,low,9,namecheap,,,05/09/2026 00:26
0e42db72-da7c-4f3b-8112-bd1866ef8b68,darned.contact,available,13.98,16.78,medium,low,6,namecheap,,,10/08/2026 12:41
eaf4811c-2c67-4ca9-9d1e-d382a9ce6723,seymour.contact,available,14.99,14.99,high,low,7,namesilo,,,25/09/2026 07:56
4641ecb1-dc49-46e0-aaa9-adb3afc7f178,bangles.contact,available,13.98,16.78,medium,low,7,namecheap,,,20/09/2026 19:22
582e8ce1-b40c-4c7a-b160-da26bd584a58,banteng.contact,available,14.99,14.99,medium,low,7,namesilo,,,22/09/2026 03:14
26dd11f1-d5fc-4e14-8b17-6bd73c74dd81,follies.contact,available,11.59,11.59,medium,low,7,spaceship,,,03/10/2026 00:48
bcc3c71b-8d03-4bc5-98e4-a34bdcaea16a,metabolic.contact,available,13.98,16.78,high,low,9,namecheap,,,24/08/2026 21:26
da555569-d153-46ad-bbff-db44b81ec61f,mauve.contact,available,13.98,16.78,high,low,5,namecheap,,,24/08/2026 17:37
58064248-1140-44e8-a2f0-70e3276b31aa,transcription.contact,available,14.99,14.99,medium,low,13,namesilo,,,29/09/2026 23:27
345dbf23-997c-4e39-948b-16740966d3db,fingerless.contact,available,13.98,16.78,medium,low,10,namecheap,,,18/08/2026 04:55
e96a2bb7-5650-42e1-9a82-b466993c6717,pyle.contact,available,11.59,11.59,medium,low,4,spaceship,,,29/09/2026 07:17
c9ca64a9-6982-4794-a1dc-16a276288515,exhaustion.contact,available,14.99,14.99,medium,low,10,namesilo,,,29/09/2026 13:24
cf1dd00d-67b1-427d-a93e-cc3063a9cdfe,transpolar.contact,available,13.98,16.78,medium,low,10,namecheap,,,11/09/2026 18:57
71672e11-d951-4c25-9875-e028c1baea04,heterosexual.contact,available,11.59,11.59,high,low,12,spaceship,,,29/09/2026 08:29
c83cee0f-6869-4952-8c9a-54bba8efc897,balustrade.contact,available,14.99,14.99,high,low,10,namesilo,,,22/09/2026 00:29
4079946c-e8aa-445c-b1f5-3fa59e47aa41,navigate.contact,available,11.84,11.84,high,low,8,porkbun,,,28/09/2026 20:45
3aa75d5e-4ed9-44c4-89b5-22393c2d66ac,pluton.contact,available,14.99,14.99,medium,low,6,namesilo,,,22/09/2026 13:46
097cc16d-cbf9-4164-9900-a2750a816c7d,redolent.contact,available,13.98,16.78,high,low,8,namecheap,,,17/08/2026 15:16
868d19d9-b23c-4918-9f61-d4e2fcae41ec,shattuck.contact,available,14.99,14.99,high,low,8,namesilo,,,01/10/2026 23:38
6d36fd79-26f7-4e7b-942d-b69063abcc8d,marmoreal.contact,available,13.98,16.78,medium,low,9,namecheap,,,24/08/2026 16:12
63770d3b-eee8-4a49-a25d-4b1236c3a6e7,summative.contact,available,13.98,16.78,medium,low,9,namecheap,,,11/09/2026 01:36
ddf1df52-126c-44b3-b495-e699f308908d,ecru.contact,available,13.98,16.78,medium,low,4,namecheap,,,09/08/2026 12:26
5e428226-0962-4ad7-acf1-75cd599ffd44,thorax.contact,available,11.84,11.84,high,low,6,porkbun,,,02/10/2026 23:59
566ea390-771c-4117-b15d-b9e58a6dc8c4,timeworn.contact,available,13.98,16.78,medium,low,8,namecheap,,,08/08/2026 11:14
b16f5f43-1d99-44fd-97cf-d10e55c3dc3a,shout.contact,available,14.99,14.99,high,low,5,namesilo,,,29/09/2026 12:22
a6f717a3-7e19-4b1a-85f8-8725406deac0,lastly.contact,available,11.99,11.99,medium,low,6,dynadot,,,28/09/2026 15:27
b56ce104-e660-4390-ac02-5e75ec8484df,quail.contact,available,11.2,11.2,high,low,5,cloudflare,,,01/10/2026 02:11
6b26b645-e3ab-41c7-8510-78311ed6aa66,subalpine.contact,available,13.98,16.78,medium,low,9,namecheap,,,
76052fc4-8b01-4cf1-8b57-62e5f2efff81,heian.contact,available,11.2,11.2,medium,low,5,cloudflare,,,02/10/2026 23:11
08c9b80c-bebd-4e7a-9d74-08520f77d0b2,tioga.contact,available,11.99,11.99,high,low,5,dynadot,,,30/09/2026 13:45
4a57a9db-e47b-4559-80fa-a78507e2082d,resister.contact,available,16.99,20.99,medium,low,8,name.com,,,17/09/2026 10:48
2f0ea2d3-db5b-4d8f-96d9-96dc18fd7439,gauche.contact,available,13.98,16.78,medium,low,6,namecheap,,,18/08/2026 20:41
3d57c58d-e531-4370-9f38-9659b48b6627,lyrical.contact,available,13.98,16.78,high,low,7,namecheap,,,24/08/2026 12:41
b627e737-ca03-4e9e-bd1c-5565b79f747a,dowry.contact,available,13.98,16.78,medium,low,5,namecheap,,,24/09/2026 23:36
ae9e38c8-c519-4dc9-9b33-25a00db3a9f9,swords.contact,available,14.99,14.99,medium,low,6,namesilo,,,
1faa388f-834c-44cb-b3c5-637112de6b88,griffin.contact,resell,,,high,low,7,,,,29/09/2026 01:09
8b5526bd-63e0-4f87-890e-b66477987e9f,moreland.contact,available,11.59,11.59,medium,low,8,spaceship,,,30/09/2026 12:36
eb96387b-62c6-4510-98f1-f3019dcf645c,donatello.contact,available,11.59,11.59,high,low,9,spaceship,,,02/10/2026 14:52
ac600485-7e27-4c3f-ac33-e43fc5798e64,permutable.contact,available,13.98,16.78,medium,low,10,namecheap,,,08/09/2026 17:50
3c9be8b2-8591-4038-a997-e73ce7e92bd3,aircraft.contact,available,14.99,14.99,high,low,8,namesilo,,,17/09/2026 23:03
c39c6679-0707-4d3f-8bc1-d544bd0e89fc,regional.contact,available,13.98,16.78,high,low,8,namecheap,,,27/09/2026 11:26
88700b74-100a-458b-b4e5-d1dd1bd067d5,penance.contact,available,11.59,11.59,high,low,7,spaceship,,,02/10/2026 06:03
2f27b5fb-4b16-4a67-9e4d-c22fe5085577,funded.contact,available,13.98,16.78,high,low,6,namecheap,,,18/08/2026 18:23
39a7f143-43fe-475e-a879-077f48a1f29f,homosexuals.contact,available,11.59,11.59,low,low,11,spaceship,,,01/10/2026 00:33
142c9d4a-06d8-498a-bebb-e4f976968db6,constraints.contact,available,14.99,14.99,low,low,11,namesilo,,,20/09/2026 23:49
58d47919-0675-4746-83b2-df251120118c,linked.contact,available,14.99,14.99,high,low,6,namesilo,,,25/09/2026 13:54
aefdba52-1931-4892-ac9c-d871ef276090,receptors.contact,available,11.99,11.99,medium,low,9,dynadot,,,01/10/2026 18:02
22977ca2-27fa-449e-85a8-11638bf2ad39,addible.contact,available,13.98,16.78,medium,low,7,namecheap,,,
3492e02f-0e0b-4b59-9552-5ba2547a418c,efforts.contact,available,11.59,11.59,medium,low,7,spaceship,,,27/09/2026 22:23
7dfefae6-02f2-42fe-92fc-b26777e2fa80,billyho.contact,available,14.99,14.99,medium,low,8,namesilo,,,18/09/2026 09:17
c13fb1ae-421a-4672-891a-4f1af1e6983f,wrc.contact,available,14.99,14.99,medium,low,3,namesilo,,,30/09/2026 13:01
89b5d2c1-40e9-4a19-b585-41bc9e455e68,dodds.contact,available,11.59,11.59,medium,low,5,spaceship,,,30/09/2026 05:40
be8787a5-920d-4f54-83ed-6f7c24dcad12,amyl.contact,available,14.99,14.99,medium,low,4,namesilo,,,19/09/2026 00:29
71eafda3-f7f5-4c64-8791-cf12defb0b3d,czech.contact,available,16.99,20.99,high,low,5,name.com,,,13/08/2026 15:01
c9822b6d-220d-40c2-a53b-cb502f1f1ea0,prewar.contact,available,13.98,16.78,medium,low,6,namecheap,,,09/09/2026 01:51
86df2843-608a-46f8-b05d-c516f91b0285,touchable.contact,available,13.98,16.78,high,low,9,namecheap,,,11/09/2026 07:57
1af75ecf-50e6-433b-bdeb-249a37613283,qat.contact,available,14.99,14.99,medium,low,3,namesilo,,,17/09/2026 15:24
f4749450-e7f2-409e-badf-6d9c02347cbe,undergraduate.contact,available,14.99,14.99,medium,low,13,namesilo,,,01/10/2026 06:13
75f47996-5c25-4da7-bda8-50a224e8b15e,beware.contact,available,11.59,11.59,medium,low,6,spaceship,,,28/09/2026 20:49
af7ea863-5a98-4fbe-9e06-15a82f39d4c8,bawdyhouse.contact,available,13.98,16.78,medium,low,10,namecheap,,,21/09/2026 18:21
59483f00-faac-4c3a-85bf-4f9c826b779a,walpole.contact,available,14.99,14.99,medium,low,7,namesilo,,,28/09/2026 01:54
12784af8-ae31-4db2-bf33-4c4bf0ae1705,volar.contact,available,13.98,16.78,medium,low,5,namecheap,,,05/09/2026 00:00
3aa1be37-b88b-42ef-94a3-d3ed1560736b,playdate.contact,available,11.99,11.99,high,low,9,dynadot,,,02/10/2026 21:12
4d651cde-ae21-489e-baaf-6a36de0969d1,files.contact,available,13.98,16.78,high,low,5,namecheap,,,25/09/2026 18:34
a3f999d7-12ff-473d-8c1b-47ab445863a2,cleansing.contact,available,13.98,16.78,high,low,9,namecheap,,,
9504d59d-16e0-44de-a1b4-5a6e8ddf4c8e,weaving.contact,available,11.99,11.99,high,low,7,dynadot,,,29/09/2026 14:07
6f6a3f34-5501-4b8c-988b-b0a24b3915d4,anxious.contact,available,11.59,11.59,high,low,7,spaceship,,,27/09/2026 21:59
a710f0e3-58e3-4f5f-ac70-e71af01efad0,cognizant.contact,available,13.98,16.78,high,low,9,namecheap,,,08/08/2026 00:13
7b88991b-b6c2-497d-b5ac-d2d34fa1d783,vertebrate.contact,available,13.98,16.78,medium,low,10,namecheap,,,13/09/2026 04:35
03ee9cf1-a4dd-4baf-8aeb-895a344186ee,cordelia.contact,available,11.59,11.59,high,low,8,spaceship,,,29/09/2026 22:19
d3a20057-20a2-4de5-bc03-a20d9467640a,nidifugous.contact,available,13.98,16.78,low,low,10,namecheap,,,03/09/2026 17:08
f1b156b7-a38a-4d6e-8331-3b068666a093,explanation.contact,available,14.99,14.99,high,low,11,namesilo,,,
2c68ae54-4f7e-4573-8afc-7727caf18829,secondhand.contact,available,14.99,14.99,medium,low,10,namesilo,,,02/10/2026 01:16
2b94e744-fd81-4093-bc00-22f73ba6133d,lanark.contact,available,11.84,11.84,medium,low,6,porkbun,,,02/10/2026 20:43
4fba6565-f4f3-4f7c-9c6d-f099fb48705e,hoarfrost.contact,available,13.98,16.78,medium,low,9,namecheap,,,21/08/2026 10:07
efe42584-850c-4fb0-9c46-9b3f4031e0d2,suicides.contact,available,11.59,11.59,low,low,8,spaceship,,,02/10/2026 04:02
1d7a8352-aa51-4650-8d02-07a37573de1c,prophecies.contact,available,11.84,11.84,medium,low,10,porkbun,,,01/10/2026 17:36
3a3a49ce-8799-474e-9e77-185cb79f2622,spray.contact,available,11.59,11.59,high,low,5,spaceship,,,28/09/2026 23:02
7d151d13-7a31-43f9-ba29-1a4874f3c222,misled.contact,available,11.2,11.2,low,low,6,cloudflare,,,02/10/2026 21:17
5d0c2131-bc25-4b4b-bc91-c5ee79ce5336,invest.contact,resell,,,high,medium,6,,,,28/09/2026 02:00
69e56347-89b9-487e-ba27-e71145f51eb0,baddie.contact,available,14.99,14.99,medium,low,6,namesilo,,,21/09/2026 16:59
7db77fa0-fd38-4b0a-b38d-8a9b619bb722,replenish.contact,available,11.59,11.59,high,low,9,spaceship,,,02/10/2026 16:33
856f1f47-0616-46ca-871d-7b7319b7ffe9,pol.contact,available,11.59,11.59,high,low,3,spaceship,,,30/09/2026 18:22
e79726ef-30f1-4ff8-91c7-0de8d2d3052c,deployed.contact,available,13.98,16.78,low,low,8,namecheap,,,29/09/2026 16:37
a0af2110-4fb2-4961-b95d-cc03a7b7ef4c,diggs.contact,available,11.2,11.2,medium,low,5,cloudflare,,,02/10/2026 09:46
45137c6e-3b34-463e-a748-640efb63be32,preparation.contact,available,14.99,14.99,high,low,11,namesilo,,,28/09/2026 12:30
91bbc251-c4c3-45c3-ba6c-a9f832e73c0d,nuevo.contact,available,11.2,11.2,high,low,5,cloudflare,,,28/09/2026 04:18
d8be38db-5a2e-47e1-9f80-d6f4e1c9510c,audad.contact,available,14.99,14.99,medium,low,5,namesilo,,,18/09/2026 22:16
b407c044-2687-425f-9a86-10cf79a36792,coles.contact,available,14.99,14.99,medium,low,5,namesilo,,,02/10/2026 01:35
249d2c22-dba4-444a-9f20-4b8345954c3f,dazzling.contact,available,13.98,16.78,high,low,8,namecheap,,,10/08/2026 13:44
3f789a79-4ec4-4a5b-b3f1-7e0f1866f08c,lecture.contact,available,11.84,11.84,high,low,7,porkbun,,,30/09/2026 02:40
5505ccbc-07cd-4ade-8317-e2aac2764ae8,hawaiian.contact,available,13.98,16.78,high,low,8,namecheap,,,21/08/2026 01:36
b85bf86b-2de1-47ee-9f82-047afdc273c5,scorched.contact,available,13.98,16.78,medium,low,8,namecheap,,,
a3d60fc5-f63b-48ff-a881-b8c6b8687b71,sounded.contact,available,14.99,14.99,medium,low,7,namesilo,,,
75ab7391-daf8-40f6-8b1c-2f155f0539c2,tone.contact,available,13.98,16.78,high,low,4,namecheap,,,29/09/2026 19:30
e038c660-719c-4889-85fa-70a629490635,danger.contact,available,11.99,11.99,high,low,6,dynadot,,,29/09/2026 13:11
9711fbc1-3e54-4aa4-9f54-be5ae6634a68,revised.contact,available,11.2,11.2,high,low,7,cloudflare,,,27/09/2026 14:32
37bfc6e2-4381-41fb-b40e-b7646741a051,mccarthy.contact,available,13.98,16.78,high,low,8,namecheap,,,25/09/2026 08:04
7746d47a-0da9-4c4a-9e67-a5065090d064,missional.contact,available,13.98,16.78,high,low,9,namecheap,,,25/08/2026 01:50
b9f73b9a-60dd-483c-a066-87da2977a6ab,chanukah.contact,available,11.84,11.84,high,low,8,porkbun,,,29/09/2026 08:10
240398bc-86b4-4bd2-9476-0e75f1c633db,knightly.contact,available,13.98,16.78,high,low,8,namecheap,,,12/08/2026 06:11
ecb2e2a4-d38d-4e6d-9c7e-915703565997,hostess.contact,available,14.99,14.99,high,low,7,namesilo,,,17/09/2026 22:27
cd6ab2bb-0eeb-49cf-90a0-ba0569e43fd4,ordinary.contact,available,14.99,14.99,high,low,8,namesilo,,,26/09/2026 00:20
82748616-7a44-4cf4-bedd-c37f63b48826,randomly.contact,available,13.98,16.78,medium,low,8,namecheap,,,13/09/2026 20:35
eae720a8-5c02-4746-80ac-0cb012d60f70,mehmed.contact,available,13.98,16.78,medium,low,6,namecheap,,,30/09/2026 21:00
21373b6e-230e-4426-8fea-218672bf131c,thermostat.contact,available,11.99,11.99,high,low,10,dynadot,,,03/10/2026 02:14
629bdbc1-51de-4b8a-8d3e-862bfd268514,bracing.contact,available,13.98,16.78,high,low,7,namecheap,,,11/08/2026 00:30
948e1a53-d8ab-42a4-9c25-7e1caac943d3,kazakh.contact,available,14.99,14.99,medium,low,6,namesilo,,,28/09/2026 14:39
7dbcb17c-3700-426c-b43c-dc032dc65a73,tiddly.contact,available,13.98,16.78,medium,low,6,namecheap,,,11/09/2026 15:36
ccbe79e4-849e-491b-8a12-4c16dfa7fa96,loafer.contact,available,13.98,16.78,medium,low,6,namecheap,,,14/08/2026 14:12
ac6519b2-daa1-463e-9cef-8455b16a73d4,willard.contact,available,14.99,14.99,medium,low,7,namesilo,,,25/09/2026 05:33
b74f5849-9dab-4a57-a644-82b3b4ff2129,digestible.contact,available,13.98,16.78,medium,low,10,namecheap,,,14/08/2026 07:14
7d2c6a9f-108b-4ce0-bab7-0f957c05d903,greensburg.contact,available,14.99,14.99,medium,low,10,namesilo,,,01/10/2026 12:09
ffa2316d-486d-4783-af0f-2952df6edabf,brisbane.contact,resell,,,high,low,8,,,,01/10/2026 01:13
451fe8e1-da73-4e08-82c7-5f9cddb9a70d,rockland.contact,available,11.99,11.99,high,low,8,dynadot,,,28/09/2026 11:44
10066c6d-2f40-4325-a609-8ce3b68ba068,stamina.contact,available,11.59,11.59,high,low,7,spaceship,,,30/09/2026 18:50
967a3800-816b-4d24-97c6-b53e8e6f7660,keller.contact,available,14.99,14.99,high,low,6,namesilo,,,25/09/2026 07:11
7e4d6149-9839-4a70-9075-dbd28f4a9a9a,unlined.contact,available,13.98,16.78,medium,low,7,namecheap,,,12/09/2026 14:54
be9f783f-67e1-40d1-a4f6-4b9b3fc3e39a,bil.contact,available,11.59,11.59,high,low,3,spaceship,,,02/10/2026 19:11
c2127a4a-f6bf-49b8-ad2a-0094d0a0b093,anomala.contact,available,14.99,14.99,medium,low,7,namesilo,,,19/09/2026 11:24
81d48ea0-a42f-4d2f-b050-288b222764e3,montana.contact,resell,,,high,low,7,,,,28/09/2026 02:26
fbd06227-c325-42a5-b096-72fe6a1e8f0b,pitch.contact,available,13.98,16.78,high,low,5,namecheap,,,21/09/2026 02:42
a2144c86-ef9a-467b-a064-6c65acbc41a3,lukewarm.contact,available,13.98,16.78,medium,low,8,namecheap,,,20/08/2026 22:43
c0c18327-38b2-4b36-9438-aa10a4d2349b,retaliator.contact,available,14.99,14.99,medium,low,10,namesilo,,,21/09/2026 08:57
ee88f37e-db84-4218-8125-8332520d942f,organisations.contact,available,13.98,16.78,medium,low,13,namecheap,,,21/09/2026 01:37
e7fb062a-45a7-4670-84e9-27e584cca8e7,craggy.contact,available,13.98,16.78,medium,low,6,namecheap,,,13/08/2026 04:44
be057ac3-4db7-42b0-bc7c-29332e42516d,shooters.contact,available,14.99,14.99,medium,low,8,namesilo,,,01/10/2026 00:26
1dd9dfb4-154e-4427-ab82-f2fbccac5fa0,pricing.contact,available,11.59,11.59,high,low,7,spaceship,,,30/09/2026 07:19
087d6701-0ddf-4a06-90ca-fbb8a11ad43b,ultrasound.contact,available,11.59,11.59,high,low,10,spaceship,,,29/09/2026 12:08
06265622-5f74-48dc-b4a6-9839004aac60,velvetleaf.contact,available,13.98,16.78,medium,low,10,namecheap,,,16/09/2026 19:24
dee33987-5db6-4c58-8861-88abca465be2,hovering.contact,available,11.2,11.2,high,low,8,cloudflare,,,30/09/2026 07:20
48aed00c-88f2-4d72-999b-94de3516bdd7,nang.contact,available,13.98,16.78,high,low,4,namecheap,,,30/09/2026 19:24
679bca6f-f6a8-4c4d-81c3-aa44136abedc,intentionally.contact,available,11.2,11.2,medium,low,13,cloudflare,,,28/09/2026 21:25
4f7d9da5-dfbf-40aa-bb96-40e52b560947,woodbridge.contact,available,11.99,11.99,medium,low,10,dynadot,,,28/09/2026 16:49
67cbca93-2283-4b4d-a210-8d7d82059c39,username.contact,available,11.99,11.99,high,low,8,dynadot,,,01/10/2026 05:01
8ddf3b77-61bd-446d-964b-55422236e758,bitty.contact,available,13.98,16.78,high,low,5,namecheap,,,10/08/2026 07:51
ecfacab2-235c-4602-9c4e-f0331694584e,classmate.contact,available,14.99,14.99,high,low,9,namesilo,,,29/09/2026 11:55
022f164d-0da1-48eb-aeb6-fc08a8a4eabb,rebels.contact,available,11.2,11.2,medium,low,6,cloudflare,,,28/09/2026 08:52
1ba109aa-f759-4f91-b40b-0dce600a9870,windflower.contact,available,14.99,14.99,high,low,10,namesilo,,,19/09/2026 05:19
4037bcb8-bab5-413e-8b77-bafb80871fbf,booty.contact,available,14.99,14.99,high,low,5,namesilo,,,29/09/2026 11:44
fe0ad4da-4b52-48a9-a5f3-b5b9640ff5de,feisty.contact,available,13.98,16.78,high,low,6,namecheap,,,18/08/2026 00:45
4c094bc4-cd7f-4112-bb79-565a7fdc1efd,lenore.contact,available,14.99,14.99,medium,low,6,namesilo,,,02/10/2026 09:08
d55f5962-fe16-4827-bce7-9cf2113622fc,dana.contact,available,14.99,14.99,high,low,4,namesilo,,,25/09/2026 22:21
31d1c910-0c85-4f93-9656-74bf013df761,unbalanced.contact,available,13.98,16.78,medium,low,10,namecheap,,,11/08/2026 01:50
b089c86a-84b6-4e69-a874-9582ad0494ab,flee.contact,available,11.2,11.2,high,low,4,cloudflare,,,30/09/2026 19:54
6df93546-5de2-4052-bed6-3bd4a2d28b79,braggart.contact,available,13.98,16.78,medium,low,8,namecheap,,,11/08/2026 01:16
2f535bfa-05bb-4114-9bec-8cafc57f1830,basingstoke.contact,available,11.59,11.59,medium,low,11,spaceship,,,02/10/2026 00:03
c69a95c9-59fe-4228-9d87-3552080a705c,nod.contact,available,11.59,11.59,high,low,3,spaceship,,,28/09/2026 10:34
e868a657-b03a-448d-8d5e-24d77ac0aefa,aphrodite.contact,available,14.99,14.99,high,low,9,namesilo,,,19/09/2026 17:15
bddb62e5-dece-4ccd-be13-86a253e271ce,viable.contact,available,13.98,16.78,high,low,6,namecheap,,,17/08/2026 16:52
c0875796-51c2-49bd-b6e2-c4fb16be903a,honoring.contact,available,14.99,14.99,high,low,8,namesilo,,,29/09/2026 13:04
979877e5-ff07-47ee-8120-a1f5e88ce15f,splashy.contact,available,13.98,16.78,medium,low,7,namecheap,,,18/08/2026 06:22
5f9bcf22-563b-480f-94d3-629e4a1ca7fd,appreciated.contact,available,14.99,14.99,high,low,11,namesilo,,,28/09/2026 07:22
7779293f-c5bd-4f81-9482-c41d40e4c8c4,juice.contact,available,11.59,11.59,high,low,5,spaceship,,,30/09/2026 01:04
65bd22a4-dfec-4501-84af-2988441341d1,cancun.contact,available,14.99,14.99,high,low,6,namesilo,,,24/09/2026 12:01
7e505245-6773-401b-a22e-82b53bd000d8,unequalled.contact,available,13.98,16.78,high,low,10,namecheap,,,12/09/2026 09:11
551398b6-0889-4a1f-985d-81d4b51a9f6a,scottsdale.contact,available,14.99,14.99,high,low,10,namesilo,,,29/09/2026 15:25
d65caa51-9cc6-4a51-9c1f-a8134b0842b2,asparagus.contact,available,14.99,14.99,high,low,9,namesilo,,,20/09/2026 14:40
2be0352b-d43d-405e-88de-93f9cb5d9510,manassas.contact,available,11.99,11.99,medium,low,8,dynadot,,,29/09/2026 22:10
c79819ce-dab1-4dff-88c0-24948c2bf42c,pamphlets.contact,available,23.99,23.99,medium,low,9,godaddy,,,01/10/2026 00:17
34466e00-58e7-4e42-8354-6f5e02401027,pastime.contact,available,14.99,14.99,high,low,7,namesilo,,,01/10/2026 02:31
c26d315c-45af-4e17-b42c-743d8383e29f,dried.contact,available,13.98,16.78,high,low,5,namecheap,,,14/08/2026 18:59
bca9efa3-192e-4a7a-961e-044be73a05b9,sensitivity.contact,available,14.99,14.99,high,low,11,namesilo,,,28/09/2026 12:30
269c5bf8-780b-4e03-8cb2-d48b29cfacf6,installer.contact,available,11.2,11.2,high,low,9,cloudflare,,,01/10/2026 06:14
9c7ebca2-a086-4175-854a-f8aafe4e6ed7,clinics.contact,available,14.99,14.99,medium,low,7,namesilo,,,20/09/2026 12:34
4dfa598c-5734-4e46-863b-bab2da56e2bd,gertrude.contact,available,11.2,11.2,medium,low,8,cloudflare,,,28/09/2026 21:50
8ecf7c3e-f62f-4f76-aa6e-636b52676b32,rectum.contact,available,11.2,11.2,high,low,6,cloudflare,,,02/10/2026 16:33
b49a86f3-6e91-4b3e-b305-8ac0c0b6b9b6,tiger.contact,resell,,,high,medium,5,Dynadot Inc,19/10/2025 13:13,19/10/2027 13:13,26/09/2026 09:38
118c6a80-9f87-48e9-a4fc-d841fc4c7ff2,midterm.contact,available,11.84,11.84,high,low,7,porkbun,,,02/10/2026 21:44
2d5c865d-d2b8-413e-a165-9e36012c55ec,bitter.contact,available,13.98,16.78,high,low,6,namecheap,,,
11b2cab6-a203-46d9-8445-5f20a9814b25,tref.contact,available,13.98,16.78,medium,low,4,namecheap,,,03/09/2026 19:37
a7da239e-5e48-40fb-8d42-b814d019c03b,proust.contact,available,11.59,11.59,medium,low,6,spaceship,,,30/09/2026 17:59
3c89ae08-f985-4368-9e37-048a12599a3c,huh.contact,available,11.59,11.59,high,low,3,spaceship,,,01/10/2026 04:35
ae1ffee6-8370-4e8f-875a-f8383eaf9446,evidence.contact,available,13.98,16.78,high,low,8,namecheap,,,24/08/2026 15:05
0e9a7aed-3b29-4202-812e-505f59e14c9d,truthfully.contact,available,14.99,14.99,medium,low,10,namesilo,,,16/09/2026 09:34
a38ee502-5c90-41c1-ace5-5e2149967a6b,indonesian.contact,available,13.98,16.78,high,low,10,namecheap,,,22/08/2026 03:20
1730af50-6d69-4522-8b76-b5d0be3b0820,sketching.contact,available,14.99,14.99,high,low,9,namesilo,,,02/10/2026 07:35
191f8c79-6325-4151-9394-216b4157d3e4,allergies.contact,available,13.98,16.78,medium,low,9,namecheap,,,30/09/2026 23:41
a53bc8ab-103b-497a-94dd-708b81a9f3b4,papa.contact,available,14.99,14.99,high,low,4,namesilo,,,27/09/2026 04:37
c475835b-029b-400a-ba47-c4d94c2d844e,severe.contact,available,14.99,14.99,medium,low,6,namesilo,,,22/09/2026 13:18
9b3cb18d-7d14-443f-bcce-670957858ab8,ocular.contact,available,13.98,16.78,high,low,6,namecheap,,,04/09/2026 00:41
22b2eb7b-7d53-4b9b-a3d3-1c53aad23263,forecasting.contact,available,11.59,11.59,high,low,11,spaceship,,,02/10/2026 18:29
52619471-a6e9-4011-86c7-e82c98f9d643,wwi.contact,available,11.59,11.59,medium,low,3,spaceship,,,02/10/2026 08:27
4efe163c-9f1e-4220-a669-3c7362c68e40,twits.contact,available,14.99,14.99,low,low,5,namesilo,,,21/09/2026 06:16
3e898b82-3d97-47f3-a19e-0f6fc44bd8e0,locomotive.contact,available,13.98,16.78,high,low,10,namecheap,,,24/08/2026 08:48
94512b8b-5aea-4ffc-bcdc-f1f5d02b8f81,stunting.contact,available,14.99,14.99,medium,low,8,namesilo,,,17/09/2026 12:54
5efe1958-baee-4c4b-bd9b-74be6d672038,midweek.contact,available,13.98,16.78,high,low,7,namecheap,,,13/09/2026 09:34
aa426cd8-c770-4a4c-b6cc-8d4942c552be,cherub.contact,available,14.99,14.99,high,low,6,namesilo,,,24/09/2026 14:18
a359d2bd-c015-4cbb-a249-6267a359fbdc,tart.contact,available,16.99,20.99,medium,low,4,name.com,,,13/08/2026 14:25
ab55ba1b-7940-435d-892b-2e9d073a86eb,bronchial.contact,available,13.98,16.78,medium,low,9,namecheap,,,11/08/2026 05:35
42a60ba0-4489-4eed-be47-65fda16410ef,heat.contact,available,11.59,11.59,high,low,4,spaceship,,,29/09/2026 18:19
6ee74cf7-d2ff-4940-a7a6-d179394d582c,topping.contact,available,13.98,16.78,high,low,7,namecheap,,,11/09/2026 17:36
37bfe6cb-5685-4fe4-bcf1-c8b4f696cf4a,beloit.contact,available,14.99,14.99,medium,low,6,namesilo,,,29/09/2026 22:33
5d26e2a9-c9ec-4c62-a760-ce49edc04cf1,advised.contact,available,11.59,11.59,high,low,7,spaceship,,,01/10/2026 02:49
08e10dce-7477-44ae-9b1b-c674b00ffc86,poisson.contact,available,11.2,11.2,medium,low,7,cloudflare,,,28/09/2026 11:23
f8068759-a334-475c-a8ac-14cb290e1a34,hodgson.contact,available,11.59,11.59,medium,low,7,spaceship,,,28/09/2026 04:09
f7d89ed5-2a56-4247-920a-73554d23efcc,intimidate.contact,available,11.59,11.59,high,low,10,spaceship,,,29/09/2026 20:44
82855f2d-3f98-4bac-a170-10be81688c92,probing.contact,available,13.98,16.78,high,low,7,namecheap,,,22/08/2026 06:21
65e39abf-5707-4c0f-9b33-9e39f12e72ba,marches.contact,available,14.99,14.99,medium,low,7,namesilo,,,29/09/2026 19:38
75f0389b-5410-4034-9159-2c24808a2eff,puebla.contact,available,11.84,11.84,medium,low,6,porkbun,,,28/09/2026 10:03
9b47e54c-a4fd-412c-90e6-b90a57c6b606,airwoman.contact,available,14.99,14.99,medium,low,8,namesilo,,,17/09/2026 23:25
ca6b751d-3fd4-40c4-9785-38f706833a2c,bluish.contact,available,14.99,14.99,high,low,6,namesilo,,,22/09/2026 22:47
1727951b-9c22-4289-b288-23ad4fe3ffb2,draws.contact,available,13.98,16.78,high,low,5,namecheap,,,
dfbce72c-8f9b-4568-91f4-835b720c463b,stative.contact,available,13.98,16.78,medium,low,7,namecheap,,,10/09/2026 19:14
6b3154b7-dc9f-4d0d-b247-90d76a2c5fcd,greig.contact,available,11.59,11.59,medium,low,5,spaceship,,,02/10/2026 20:02
c90b9e92-64cf-455f-bcce-92d3bd9b9b02,stateless.contact,available,13.98,16.78,medium,low,9,namecheap,,,21/08/2026 11:01
80b47584-3d39-41fe-a6ff-abc3b58cee56,tactic.contact,available,11.59,11.59,high,low,6,spaceship,,,29/09/2026 07:31
512c313c-3792-40d3-bb46-decd364ab2fb,rhythm.contact,available,14.99,14.99,high,low,6,namesilo,,,25/09/2026 22:02
df795e49-98cb-4e56-816e-5d53fd23837a,geiger.contact,available,14.99,14.99,high,low,6,namesilo,,,01/10/2026 02:15
fea1812c-e726-4b5c-88cf-44df85f3c9b1,rapidly.contact,available,13.98,16.78,high,low,7,namecheap,,,13/09/2026 20:17
3ff230c2-0d56-47f5-a06e-f0768f3f9c68,volunteer.contact,available,13.98,16.78,high,low,9,namecheap,,,13/09/2026 07:13
83834dfd-7c35-4166-a145-44f051289840,governments.contact,available,11.59,11.59,low,low,11,spaceship,,,28/09/2026 23:34
02330e8d-0abf-474f-8d86-c31f8df6e5f5,precious.contact,available,13.98,16.78,high,low,8,namecheap,,,12/08/2026 04:19
18b8b789-0d91-46ae-904b-37d24df755ea,robber.contact,available,11.99,11.99,medium,low,6,dynadot,,,28/09/2026 10:50
97dae7a0-061e-49c0-9d93-028095c18cdd,cuzco.contact,available,11.2,11.2,medium,low,5,cloudflare,,,01/10/2026 19:08
9e618cad-2f86-4e45-8c97-dcbb994af656,kpa.contact,available,11.59,11.59,medium,low,3,spaceship,,,28/09/2026 16:13
9f0815d5-1fdf-4e4e-b371-33d3b3f49e38,bundles.contact,available,11.59,11.59,medium,low,7,spaceship,,,01/10/2026 18:17
f8fef05e-71c3-4a63-8e28-12d68a7c900b,newspaper.contact,available,14.99,14.99,high,low,9,namesilo,,,30/09/2026 05:38
8589ebd2-96ef-4055-85f1-b1358e3251cc,danbury.contact,available,11.2,11.2,medium,low,7,cloudflare,,,29/09/2026 10:05
198857b0-bc9c-45d9-bc5d-068056c130bd,azolla.contact,available,14.99,14.99,medium,low,6,namesilo,,,21/09/2026 11:19
5ed14f4c-2063-4705-a8fd-457515ee84be,hollows.contact,available,14.99,14.99,low,low,7,namesilo,,,20/09/2026 18:42
a5155f22-6875-440c-9d02-485862d16086,associations.contact,available,14.99,14.99,high,low,12,namesilo,,,02/10/2026 02:38
5eb0a043-a631-4748-a483-174440e6d2f7,singled.contact,available,14.99,14.99,medium,low,7,namesilo,,,30/09/2026 06:31
b697b169-c983-419d-8239-562a4fdead2c,baste.contact,available,14.99,14.99,medium,low,5,namesilo,,,22/09/2026 12:43
466d7e17-83d6-472c-916b-1438b94b4ae1,chemistry.contact,available,11.59,11.59,high,low,9,spaceship,,,01/10/2026 20:13
caf02309-fade-46e4-a5f1-4e6bf1d75cd7,stretched.contact,available,13.98,16.78,medium,low,9,namecheap,,,10/09/2026 22:34
08a5b765-1f51-4190-a2b5-8f9892ce9574,vegetable.contact,available,14.99,14.99,high,low,9,namesilo,,,30/09/2026 14:21
a801045f-dbf1-4c12-91c2-d21d2684d2f9,interpreter.contact,available,14.99,14.99,high,low,11,namesilo,,,29/09/2026 08:27
d49175aa-8661-4bce-be8f-781098fcb6c8,accentual.contact,available,13.98,16.78,medium,low,9,namecheap,,,
4d699dfd-4fcf-46e0-9317-914645ff3b0f,noted.contact,available,13.98,16.78,high,low,5,namecheap,,,11/08/2026 23:17
75ce454a-496e-4ed0-8268-352ea38ac093,stryker.contact,available,11.99,11.99,high,low,7,dynadot,,,30/09/2026 20:24
6fa62614-4b6d-4fa2-87f3-a816a59d4585,gallows.contact,available,14.99,14.99,medium,low,7,namesilo,,,30/09/2026 09:52
71568302-f910-4120-8b91-1bc4acb0c01f,nimiety.contact,available,13.98,16.78,medium,low,7,namecheap,,,17/08/2026 16:13
9eea08c2-4002-4966-b4bc-2077c45315f4,hatching.contact,available,11.2,11.2,high,low,8,cloudflare,,,01/10/2026 01:37
33601768-8473-4768-91c9-ab8d27f96a4f,musically.contact,available,13.98,16.78,high,low,9,namecheap,,,15/09/2026 15:43
0aa7dee8-bc75-49e2-b1c3-3767ae26d67e,relates.contact,available,23.99,23.99,high,low,7,godaddy,,,01/10/2026 00:18
b2042620-8ea9-4212-9b17-312f724c774f,francisco.contact,available,13.98,16.78,high,low,9,namecheap,,,25/09/2026 18:30
6ae0d4f9-f36a-4575-a30e-f9dd312a6016,anomy.contact,available,14.99,14.99,medium,low,5,namesilo,,,19/09/2026 11:32
d5e3126d-8f24-40af-a008-465075d77a49,almonds.contact,available,13.98,16.78,medium,low,7,namecheap,,,02/10/2026 22:38
3fc0e9cb-3c2c-4b93-91d9-f05f0eafaa0a,blaeberry.contact,available,14.99,14.99,medium,low,9,namesilo,,,23/09/2026 15:39
ab741652-ad03-42e4-b216-630659a8d1ed,terrorism.contact,available,14.99,14.99,medium,low,9,namesilo,,,17/09/2026 04:10
35444bc5-bd0f-4228-88ca-b7c88c173801,optic.contact,available,14.99,14.99,high,low,5,namesilo,,,25/09/2026 23:58
6cf75283-7c8e-4c4a-9651-f47e385badd5,reproduce.contact,available,11.59,11.59,high,low,9,spaceship,,,28/09/2026 20:51
d2058f2f-f1b4-43f5-b0ca-ac1eaa3ad0e3,jerks.contact,available,11.59,11.59,medium,low,5,spaceship,,,02/10/2026 23:00
42668251-f3b8-4ad2-aecb-fa5eff14b462,whereas.contact,available,13.98,16.78,high,low,7,namecheap,,,01/10/2026 00:02
5272e737-7391-4a83-8957-30a03eeb2adc,bustle.contact,available,14.99,14.99,high,low,6,namesilo,,,17/09/2026 09:10
aaba9b99-1fc6-4d1e-95c3-ae2a7816ae4c,writ.contact,available,11.59,11.59,high,low,4,spaceship,,,02/10/2026 05:32
908c0285-e2e3-434d-bdaf-cfef951cdb0e,brook.contact,available,14.99,14.99,high,low,5,namesilo,,,29/09/2026 04:32
fbc53a3b-e36f-48b7-9ea0-c1a505686687,biosensors.contact,available,14.99,14.99,medium,low,10,namesilo,,,21/09/2026 02:37
f5dd1950-d499-4199-9adc-e35561e870cf,smash.contact,available,14.99,14.99,high,low,5,namesilo,,,22/09/2026 17:11
c7e851ee-8f4d-4bb9-8250-77a144367755,unfettered.contact,available,13.98,16.78,medium,low,10,namecheap,,,12/09/2026 04:56
658fc18f-197f-49b1-9280-74367f4bc931,streamers.contact,available,14.99,14.99,medium,low,9,namesilo,,,20/09/2026 01:44
53886b93-dd97-428a-9700-2b1e0b8e9a40,visas.contact,available,11.2,11.2,medium,low,5,cloudflare,,,02/10/2026 03:24
282e3bda-0172-4892-abae-64648b16cc06,stump.contact,available,14.99,14.99,high,low,5,namesilo,,,18/09/2026 17:18
0d71e809-f185-418d-b8ea-dabb48958661,glaze.contact,available,14.99,14.99,high,low,5,namesilo,,,30/09/2026 08:55
0a83cc02-268c-4d66-830a-662242248ee6,seamy.contact,available,13.98,16.78,medium,low,5,namecheap,,,10/09/2026 00:49
fec62c54-b52c-4ace-80bc-97417e6d6720,dividing.contact,available,11.2,11.2,medium,low,8,cloudflare,,,29/09/2026 08:50
c94ea3eb-482f-44ba-97fa-8258fa19fd6f,oars.contact,available,13.98,16.78,medium,low,4,namecheap,,,18/09/2026 11:47
0253779d-99c5-4cf6-967f-efb5a882daf8,cumbria.contact,available,14.99,14.99,medium,low,7,namesilo,,,01/10/2026 01:39
07481147-91e2-49d3-abeb-c2d977354e1a,assuage.contact,available,13.98,16.78,high,low,7,namecheap,,,18/08/2026 22:06
0087df50-64f7-4642-9c51-ad8e25c88645,dangling.contact,available,11.59,11.59,high,low,8,spaceship,,,01/10/2026 01:41
80f9bf5c-e367-4174-bd48-5ba4d65bbd50,partridge.contact,available,14.99,14.99,medium,low,9,namesilo,,,29/09/2026 06:07
02d2742c-186f-49cd-bcbc-d62da2c5c0bd,eastbound.contact,available,13.98,16.78,high,low,9,namecheap,,,14/08/2026 22:50
6c8c2c7c-dc11-4c38-b7a1-28ddf605a0c1,oxidized.contact,available,13.98,16.78,medium,low,8,namecheap,,,04/09/2026 22:25
223e7913-2246-40d7-b127-58181e7806d6,emden.contact,available,11.59,11.59,high,low,5,spaceship,,,03/10/2026 03:41
0b67a5e4-e9c5-49f3-ba3a-88d7c1a48b14,obtaining.contact,available,14.99,14.99,low,low,9,namesilo,,,30/09/2026 23:25
f2272e8e-258b-46b6-89c0-8a1c93da09a5,clarify.contact,available,14.99,14.99,high,low,7,namesilo,,,29/09/2026 02:43
2676edbd-b1c9-41a8-bb03-d7e44eba0371,satisfactory.contact,available,11.2,11.2,high,low,12,cloudflare,,,01/10/2026 10:29
d6a74aee-a521-419c-9168-20b5cfb53638,bottom.contact,available,13.98,16.78,high,low,6,namecheap,,,09/08/2026 11:50
5eb71374-0f63-47ef-a8cf-b3ed67cc90d5,adolescents.contact,available,11.59,11.59,medium,low,11,spaceship,,,02/10/2026 01:52
5bb5f88f-4174-4323-ba8d-d7dc7b0b0c2f,childs.contact,available,11.59,11.59,medium,low,6,spaceship,,,28/09/2026 12:16
288614a5-f023-438b-8275-726e225a1b15,readily.contact,available,13.98,16.78,medium,low,7,namecheap,,,15/09/2026 21:42
c42f67b3-4f76-4a04-a542-f7120c18f2dd,cocksure.contact,available,13.98,16.78,medium,low,8,namecheap,,,12/08/2026 15:00
65024499-a742-4880-ac66-369ecc6382ab,refinery.contact,available,14.99,14.99,high,low,8,namesilo,,,30/09/2026 02:41
b7338dfc-ea57-4a68-8f68-d036e628f421,plaza.contact,available,14.99,14.99,high,low,5,namesilo,,,28/09/2026 06:36
0103594e-763b-4637-a162-3ae53eaa6fd8,toon.contact,available,14.99,14.99,high,low,4,namesilo,,,19/09/2026 09:01
4aabfd8b-fe9d-47f1-8c65-9afac9ae64bf,motherfukkah.contact,available,11.59,11.59,medium,low,12,spaceship,,,02/10/2026 05:04
c82f3d82-6a41-4750-b929-bc88fb9f60c6,bosh.contact,available,14.99,14.99,medium,low,4,namesilo,,,21/09/2026 23:47
59d2fd9e-a531-4e01-90df-8404dcfde3ee,industrialize.contact,available,11.59,11.59,medium,low,13,spaceship,,,01/10/2026 08:51
4dca78bd-6b10-433e-8104-d9f53e928743,siblings.contact,available,11.59,11.59,medium,low,8,spaceship,,,29/09/2026 10:27
537b4a92-2f04-4d74-8333-87bfea5732db,assess.contact,available,11.99,11.99,high,low,6,dynadot,,,30/09/2026 15:16
0144c36b-f15a-4575-84de-c8d0e9f11330,unbeatable.contact,available,14.99,14.99,high,low,10,namesilo,,,25/09/2026 11:12
63581b7f-78f3-4ba1-a697-5378831c12e3,cacophonic.contact,available,13.98,16.78,low,low,10,namecheap,,,11/08/2026 12:33
b8dd6d21-3bb2-4127-a0f9-ed30fe184506,critter.contact,available,13.98,16.78,high,low,7,namecheap,,,24/09/2026 19:33
1c645e03-546f-4363-bb9f-67a39725f82b,francis.contact,available,14.99,14.99,high,low,7,namesilo,,,25/09/2026 13:36
a36eab98-81b8-4c59-acd9-c950a55e8692,sams.contact,available,14.99,14.99,high,low,4,namesilo,,,01/10/2026 10:29
15afb086-f8ff-4f68-a2ac-bbbcad2471d9,ingrown.contact,available,13.98,16.78,medium,low,7,namecheap,,,22/08/2026 04:56
bcf857c6-b93e-4415-b795-db81d4f19a94,steven.contact,resell,,,high,low,6,Porkbun LLC,09/12/2020 16:00,09/12/2026 16:00,26/09/2026 09:18
c4eb6314-c785-4fee-95b8-3dfdb737c474,truffle.contact,available,11.59,11.59,high,low,7,spaceship,,,29/09/2026 08:50
50200e28-6ccb-4008-b5e8-e731999ce5a2,blackthorn.contact,available,13.98,16.78,medium,low,10,namecheap,,,24/09/2026 03:10
0d5ed6fd-880f-4c59-b585-0feeb76ff3b6,repand.contact,available,13.98,16.78,medium,low,6,namecheap,,,09/09/2026 14:25
c9ded314-2d76-408d-afd6-6c2cc08eecec,daisy.contact,available,14.99,14.99,high,low,5,namesilo,,,25/09/2026 04:34
a16840c5-2b38-404b-ae18-8fb4d276ead7,fractures.contact,available,11.59,11.59,medium,low,9,spaceship,,,29/09/2026 11:30
2847f31f-ffd5-4c71-8c62-f66e3a727cec,posting.contact,available,13.98,16.78,high,low,7,namecheap,,,30/09/2026 06:59
05e80c92-bfb5-4c92-a14f-6ae9fccd9728,elemental.contact,available,13.98,16.78,high,low,9,namecheap,,,16/08/2026 03:29
dca3344d-f26f-4f76-9511-59ccc7689030,miscible.contact,available,13.98,16.78,medium,low,8,namecheap,,,25/08/2026 01:23
9391056e-fdf9-490b-98d0-b12ad1a96062,consent.contact,available,13.98,16.78,high,low,7,namecheap,,,08/09/2026 13:17
0efee73e-ecde-47d2-bdda-9f3482d349d1,lxxxiv.contact,available,13.98,16.78,medium,low,6,namecheap,,,
d9cbd3d3-0130-4c00-b9a2-3b442be239e2,twp.contact,available,11.84,11.84,medium,low,3,porkbun,,,02/10/2026 17:44
ec44132f-601a-4292-8bdb-430859cb6e6f,birdie.contact,available,13.98,16.78,high,low,6,namecheap,,,23/09/2026 20:41
9af62eb3-7662-49fd-bfbd-c41bdd87e1d1,xxx.contact,resell,,,high,medium,3,"Global Domains International, Inc. DBA DomainCostClub.com",26/05/2026 15:15,26/05/2027 15:15,26/09/2026 10:15
6642dece-7dda-4985-89a8-965b3c2bd1f3,withered.contact,available,13.98,16.78,medium,low,8,namecheap,,,14/08/2026 19:11
99f04a69-da5c-4eb1-81fd-bc11ef9d7686,samar.contact,available,14.99,14.99,medium,low,5,namesilo,,,01/10/2026 08:32
cfe6c5b6-1c25-4e0a-92dd-f7756193e4a9,persisted.contact,available,14.99,14.99,medium,low,9,namesilo,,,18/09/2026 08:42
85b19c0b-d986-424a-9a6e-66c6d5721ada,oft.contact,available,13.98,16.78,high,low,3,namecheap,,,14/09/2026 20:06
8133e172-c76d-4568-bf86-30d09d5ac103,untimely.contact,available,13.98,16.78,medium,low,8,namecheap,,,21/08/2026 19:32
a13cab85-84a4-4954-9bdc-92ce45ab5c68,acinous.contact,available,13.98,16.78,medium,low,7,namecheap,,,
28cff0b8-8319-48f4-bfa4-cc8f9fb7204c,regards.contact,available,11.99,11.99,high,low,7,dynadot,,,28/09/2026 12:38
341d1d73-898f-4307-a087-87b85c73f963,heracles.contact,available,14.99,14.99,high,low,8,namesilo,,,18/09/2026 04:03
c07ff7b9-2563-4b1c-ae49-5384275c7dbb,nautical.contact,available,13.98,16.78,high,low,8,namecheap,,,24/08/2026 15:58
5e9f3926-4ff9-45e2-9bc5-42215fb4e39c,proven.contact,available,13.98,16.78,high,low,6,namecheap,,,27/09/2026 08:25
e08b8d09-d10d-4ca7-9f77-50a79678605d,premiere.contact,available,14.99,14.99,high,low,8,namesilo,,,27/09/2026 04:58
b9530222-dafc-41f0-9eaf-8e9516475029,zipper.contact,available,11.59,11.59,high,low,6,spaceship,,,01/10/2026 03:44
6de43b0c-5a70-4bb4-a7bb-468b373293ee,dore.contact,available,11.2,11.2,medium,low,4,cloudflare,,,01/10/2026 10:12
2d0747e7-34e1-4067-8e53-c1dd869b074a,serrate.contact,available,13.98,16.78,medium,low,7,namecheap,,,03/09/2026 22:06
d3e78ac9-2a99-4b92-ba5b-d4478eb96436,clausal.contact,available,13.98,16.78,medium,low,7,namecheap,,,12/08/2026 10:00
4ba7c825-5fd9-4bdd-97d4-faf76a3db619,niche.contact,available,14.99,14.99,high,low,5,namesilo,,,30/09/2026 17:07
d8c390eb-0087-4161-9af2-bf9dd39ba340,startups.contact,available,14.99,14.99,high,low,8,namesilo,,,01/10/2026 00:43
ea040ebd-6350-494b-803b-5e9a8ef7f4ff,superstar.contact,available,11.59,11.59,high,low,9,spaceship,,,02/10/2026 01:58
c618ebbd-f073-49e4-acb1-8ab38779ad49,drippy.contact,available,13.98,16.78,medium,low,6,namecheap,,,09/08/2026 00:32
01de3b00-25ab-4fd2-b4ed-8400393017b1,proactive.contact,available,14.99,14.99,high,low,9,namesilo,,,27/09/2026 06:56
91fcb299-1e05-4321-9273-91f805d70c48,perplex.contact,available,14.99,14.99,high,low,7,namesilo,,,21/09/2026 17:26
4729b460-ee4c-470f-b28d-f31696dc45b5,shikoku.contact,available,14.99,14.99,medium,low,7,namesilo,,,03/10/2026 02:05
61c24d2d-7c1c-4820-b908-45f7b4ff9433,skillfully.contact,available,13.98,16.78,medium,low,10,namecheap,,,16/09/2026 02:07
f8a63f4f-540b-4a71-bb52-10b1dd479fca,southwell.contact,available,14.99,14.99,medium,low,9,namesilo,,,02/10/2026 10:29
eca9ea4c-6ee1-4dd6-97e4-abd271cb933d,programming.contact,available,11.59,11.59,high,low,11,spaceship,,,28/09/2026 12:38
76ced110-4336-4519-89d2-1290a28f601d,paced.contact,available,13.98,16.78,medium,low,5,namecheap,,,18/09/2026 10:44
e0f513bc-69ed-43c5-b51d-a99c3faa5d28,wittingly.contact,available,13.98,16.78,medium,low,9,namecheap,,,15/09/2026 10:32
7be2ad2f-03a4-4604-8b5c-3e46a2e30dda,burnaby.contact,available,14.99,14.99,medium,low,7,namesilo,,,02/10/2026 20:41
bc911183-c6ce-460f-9900-aa9d06d8aa94,cottony.contact,available,13.98,16.78,medium,low,7,namecheap,,,13/08/2026 03:26
cc918cfa-587f-4644-a223-36a2980e4e41,launching.contact,available,14.99,14.99,high,low,9,namesilo,,,29/09/2026 00:37
dca989fa-b1ee-4a57-a504-83b7d574d87c,thereof.contact,available,14.99,14.99,medium,low,7,namesilo,,,16/09/2026 08:41
e69a0817-8016-46e0-8597-46d182751b1d,diocese.contact,available,14.99,14.99,high,low,7,namesilo,,,23/09/2026 21:58
b174a4bd-f2a1-4d46-8ae7-4bc923325a4d,tiddler.contact,available,13.98,16.78,medium,low,7,namecheap,,,25/08/2026 00:10
6b720cec-be63-48a8-990a-3fa5ca5968fc,treason.contact,available,14.99,14.99,medium,low,7,namesilo,,,23/09/2026 11:25
c304180f-5616-4604-a3ca-0469fd78b83a,longwise.contact,available,13.98,16.78,medium,low,8,namecheap,,,22/08/2026 23:42
5fd67332-e9bf-4bb5-81dd-4fc34bd2f540,packages.contact,available,13.98,16.78,medium,low,8,namecheap,,,19/09/2026 00:23
68b8dffb-c33e-4e96-86fc-d2f5c3a5251d,populous.contact,available,13.98,16.78,high,low,8,namecheap,,,08/09/2026 23:57
e1363da7-f28a-42fa-ad70-14f914c8c34c,gelatinous.contact,available,13.98,16.78,medium,low,10,namecheap,,,18/08/2026 21:01
f49d203d-e8ff-4b4c-9322-db17f4ca88ae,superman.contact,available,11.59,11.59,high,low,8,spaceship,,,29/09/2026 00:15
caebcf45-424c-4dbc-9059-e965a2b89e73,redlands.contact,available,11.99,11.99,high,low,8,dynadot,,,01/10/2026 12:23
c737bb76-0b6f-4e7e-8dfd-5b50f1384075,jigsaw.contact,available,14.99,14.99,high,low,6,namesilo,,,02/10/2026 04:58
50db12ba-7683-4bb6-b9ee-f57315eb7614,scaley.contact,available,13.98,16.78,medium,low,6,namecheap,,,09/09/2026 22:18
e3e421de-527e-46c5-8238-5249d1068481,tequila.contact,available,13.98,16.78,high,low,7,namecheap,,,29/09/2026 20:30
274beeb6-ebff-4b41-9864-07d85e009340,raping.contact,available,11.59,11.59,medium,low,6,spaceship,,,02/10/2026 04:05
cf4225ff-2653-45be-905b-15ed5f0d5c71,gloria.contact,resell,,,high,low,6,,,,27/09/2026 02:39
0e3c07cd-b5e9-4ecf-9b11-2c113f8d069d,testimony.contact,available,14.99,14.99,high,low,9,namesilo,,,28/09/2026 02:23
08f5e30a-a35a-444d-a10f-54d02d74d838,rudimentary.contact,available,14.99,14.99,high,low,11,namesilo,,,01/10/2026 13:29
3bb09f1e-3a0a-4956-a102-095291c836f0,pegs.contact,available,14.99,14.99,medium,low,4,namesilo,,,20/09/2026 09:49
cb59344c-816a-4c95-a223-6bedfd20c197,legible.contact,available,13.98,16.78,high,low,7,namecheap,,,22/08/2026 22:59
d68230c7-a65f-47aa-8b80-36a18f8e8b20,pudendal.contact,available,13.98,16.78,medium,low,8,namecheap,,,09/09/2026 05:28
c9294086-7c70-466a-863a-486b0385eda1,substantial.contact,available,14.99,14.99,high,low,11,namesilo,,,01/10/2026 05:35
f921f017-3a58-4519-a298-1bfac23e0a3f,angkor.contact,available,11.59,11.59,medium,low,6,spaceship,,,02/10/2026 20:28
fca034bc-1c20-4853-91a0-f053bb4a35ee,resign.contact,available,11.2,11.2,medium,low,6,cloudflare,,,30/09/2026 06:20
7e9d0199-c847-4a4d-8e0f-0a7f5cf1bc51,wads.contact,available,13.98,16.78,high,low,4,namecheap,,,14/09/2026 23:30
7d432aef-ee28-4d66-9a39-5976e0289a9d,diabolic.contact,available,13.98,16.78,medium,low,8,namecheap,,,14/08/2026 01:28
a7bc63a7-c6d8-4468-971b-7ee4d1c7e652,gingery.contact,available,13.98,16.78,high,low,7,namecheap,,,18/08/2026 23:53
370d0a65-8ed6-4bff-99a1-22e391bba882,sweets.contact,available,11.59,11.59,high,low,6,spaceship,,,01/10/2026 15:28
3b2760da-075a-4085-9e6d-3b23d02bf987,greet.contact,available,11.99,11.99,high,low,5,dynadot,,,30/09/2026 20:06
6ea8c570-c398-48a5-bdcd-d9728bbe1b3c,chestnuts.contact,available,14.99,14.99,medium,low,9,namesilo,,,20/09/2026 20:45
9e1e93f0-fb0e-4299-b0c5-f279caa25c69,forgiving.contact,available,14.99,14.99,high,low,9,namesilo,,,21/09/2026 14:52
04155316-ed59-4a9b-8e7d-053a55544c12,statewide.contact,available,13.98,16.78,high,low,9,namecheap,,,10/09/2026 19:10
89879fe5-2fdb-40e7-a855-54fdadff346f,amendments.contact,available,14.99,14.99,medium,low,10,namesilo,,,02/10/2026 13:51
4eff8d31-f7cb-4c24-827a-95a6d0cd9308,fragmentation.contact,available,14.99,14.99,medium,low,13,namesilo,,,02/10/2026 11:50
79d07156-39e0-4c5d-a1ba-caa6b1153c16,screwdrivers.contact,available,14.99,14.99,medium,low,12,namesilo,,,20/09/2026 04:52
19400382-c9c4-42b9-82f1-c64a67d3868c,slenderize.contact,available,13.98,16.78,medium,low,10,namecheap,,,10/09/2026 10:53
efd6afd2-639d-40d8-b8a7-b478d1bea563,leery.contact,available,13.98,16.78,medium,low,5,namecheap,,,22/08/2026 22:26
b3460a1a-3bc9-4025-a316-47bf1bb3779c,groin.contact,available,11.59,11.59,medium,low,5,spaceship,,,29/09/2026 18:05
f3452113-096c-4b17-9c41-ba75d300637d,musicians.contact,available,14.99,14.99,medium,low,9,namesilo,,,28/09/2026 17:31
7ecd4561-dac2-48a5-83dd-dc842c5ace10,impious.contact,available,13.98,16.78,medium,low,7,namecheap,,,21/08/2026 22:21
7494bf02-d4d7-4b83-87a7-e302b87976b8,waist.contact,available,11.59,11.59,high,low,5,spaceship,,,28/09/2026 06:51
feb3bc3a-df04-4113-978b-5786300f6a74,humorless.contact,available,13.98,16.78,medium,low,9,namecheap,,,21/08/2026 15:23
b2608e15-a4a2-41c8-bdcd-ee29e904ac8b,walkabout.contact,available,11.84,11.84,high,low,10,porkbun,,,02/10/2026 18:03
20206f03-c865-4691-b125-b4a1cabe7021,puzzled.contact,available,13.98,16.78,high,low,7,namecheap,,,07/08/2026 10:53
fa2f46ee-594a-4c26-ab06-79cbf4d4249f,dormie.contact,available,13.98,16.78,medium,low,6,namecheap,,,14/08/2026 16:21
ba5c60cf-c891-4f3d-a625-c80464caff75,pudgy.contact,available,13.98,16.78,medium,low,5,namecheap,,,08/09/2026 22:24
10fd3877-ad74-4108-963a-c930a5f5efcd,tough.contact,available,14.99,14.99,high,low,5,namesilo,,,22/09/2026 16:19
a23bee10-7bbe-4755-beec-10288cd55cd9,griffon.contact,available,14.99,14.99,medium,low,7,namesilo,,,23/09/2026 05:02
13ac843e-3dcb-4814-9718-31e207e1f922,laminal.contact,available,13.98,16.78,medium,low,7,namecheap,,,22/08/2026 19:09
58f9b100-543a-45af-a700-2b25b8c0780a,stocking.contact,available,14.99,14.99,high,low,8,namesilo,,,29/09/2026 14:00
2f4741c4-c2f5-462c-8ae5-0ea55b56bb19,topmost.contact,available,13.98,16.78,medium,low,7,namecheap,,,11/09/2026 17:46
6129a3eb-4d1a-4be9-906b-e10c63bbff95,banns.contact,available,13.98,16.78,medium,low,5,namecheap,,,22/09/2026 02:56
ba0ea6b4-fc2c-4f49-80bc-733831a3c517,sentenced.contact,available,11.2,11.2,low,low,9,cloudflare,,,28/09/2026 17:52
f4ed897c-9d3c-4ed8-8e45-6b1afd732308,pops.contact,available,14.99,14.99,high,low,4,namesilo,,,18/09/2026 21:55
ffdda32c-1e0c-4e99-abde-bac182463733,alanine.contact,available,14.99,14.99,medium,low,7,namesilo,,,18/09/2026 01:50
e034e93b-2093-4b85-8b55-ada12cb76dcd,competition.contact,available,14.99,14.99,high,low,11,namesilo,,,02/10/2026 16:43
08b9c132-1a85-420e-89a0-848d0d37afd1,oxidize.contact,available,11.59,11.59,medium,low,7,spaceship,,,02/10/2026 06:45
5ae4b414-a2b7-45c5-9f6e-8e74ca78ba43,accepts.contact,available,11.59,11.59,medium,low,7,spaceship,,,29/09/2026 11:07
4b07a7ec-1d60-4467-b40c-a1712003e5a6,sein.contact,available,11.59,11.59,high,low,4,spaceship,,,30/09/2026 19:18
94cfd1a9-3a1c-4d71-a82e-045d121d5578,flushed.contact,available,13.98,16.78,high,low,7,namecheap,,,18/08/2026 09:26
bb2e8c6e-e2fd-4f24-8f26-f44e59b6ab4e,billet.contact,available,14.99,14.99,high,low,6,namesilo,,,23/09/2026 10:14
edc9a6b2-e48a-42b7-b7d1-56072fcd9466,ledge.contact,available,11.2,11.2,high,low,5,cloudflare,,,29/09/2026 01:33
ca27d085-e7c7-4d63-8241-b0aeec232617,bastille.contact,available,13.98,16.78,high,low,8,namecheap,,,22/09/2026 12:48
625dc25e-9fca-4fe5-a526-1a29aee05b7f,viewing.contact,available,11.2,11.2,high,low,7,cloudflare,,,29/09/2026 02:05
f3075532-fd5b-4afe-bcb8-da4894e05523,hooved.contact,available,13.98,16.78,medium,low,6,namecheap,,,21/08/2026 13:42
4c145ad4-8028-4331-8fd5-f8d28e8cfd57,recognized.contact,available,14.99,14.99,high,low,10,namesilo,,,21/09/2026 15:28
394dc2ad-6571-4f97-b1e0-35a828ccaa6c,farmer.contact,available,13.98,16.78,high,low,6,namecheap,,,08/09/2026 06:02
2b69e14b-e07e-4f57-b3f1-f325e517651f,hatless.contact,available,13.98,16.78,medium,low,7,namecheap,,,21/08/2026 01:20
fa4e870d-59f7-46f9-9953-9be0e5814859,undesirable.contact,available,14.99,14.99,medium,low,11,namesilo,,,01/10/2026 06:47
317d31ff-7207-41f9-93c2-8f8e0399ce29,fluorescent.contact,available,11.2,11.2,high,low,11,cloudflare,,,30/09/2026 19:26
bb7c22d7-9bca-43c5-ace6-ad9a56ad823f,mobilize.contact,available,11.99,11.99,high,low,8,dynadot,,,01/10/2026 04:12
9f694899-9f95-48ee-8b08-202ffd2a57eb,vaccines.contact,available,14.99,14.99,medium,low,8,namesilo,,,02/10/2026 03:48
dafe34e4-3db5-4acb-b556-953fa667a354,berretta.contact,available,14.99,14.99,medium,low,8,namesilo,,,23/09/2026 10:07
b6fb9132-cac7-4bd1-bc80-90fc8f6ccec6,moot.contact,available,13.98,16.78,high,low,4,namecheap,,,14/08/2026 00:31
f739a2a8-f863-4fa1-b3ae-9c1e5ace8c31,yuri.contact,available,11.59,11.59,high,low,4,spaceship,,,28/09/2026 07:44
cc698f48-c9ac-4f76-931d-5e89e29fb014,pcl.contact,available,11.59,11.59,high,low,3,spaceship,,,30/09/2026 21:08